id,domain,status,purchase_price,renewal_price,attractiveness,demand,length,registrar,created_at,expires_at,status_verified_at
dc548dcc-ba6b-4197-ba86-ee5e0f008f6d,persuasion.delivery,available,6.75,61.99,high,low,10,namesilo,,,30/09/2026 02:24
25550862-75d4-4c91-8336-7f8d03b4ad20,wilkes.delivery,available,6.75,61.99,medium,low,6,namesilo,,,27/09/2026 12:29
3e16f028-4902-4d3f-8e89-57b262d35d02,arcsecond.delivery,available,6.75,61.99,medium,low,9,namesilo,,,20/09/2026 02:41
066f62c9-16a6-4a35-9594-00b4fd0e849f,silla.delivery,available,2.27,49.88,medium,low,5,spaceship,,,30/09/2026 21:36
f717d8f1-e932-4b1c-bfc4-6c83ebc7c966,ala.delivery,available,5.03,51.58,high,low,3,dynadot,,,28/09/2026 19:57
6923947e-7e4b-42a6-9c84-c26658214720,vacant.delivery,available,2.98,79.98,medium,low,6,namecheap,,,13/09/2026 00:38
006ada5d-0b64-47a3-86fa-65c61f4f72eb,dyson.delivery,resell,,,high,low,5,,,,29/09/2026 03:36
93d7d275-79dd-4633-a707-a9dbcb452fbc,duet.delivery,available,5.15,49.95,high,low,4,porkbun,,,29/09/2026 18:31
961dc8bf-71ac-4682-b150-e424f8b3a267,useable.delivery,available,2.98,79.98,medium,low,7,namecheap,,,12/09/2026 23:57
d67be25c-12e7-4604-a7ab-a358007d62fc,organised.delivery,available,2.98,79.98,high,low,9,namecheap,,,26/09/2026 00:28
2cfef78c-716d-4b46-b330-ae245d870aea,uncharged.delivery,available,2.98,79.98,medium,low,9,namecheap,,,12/09/2026 05:06
ccd30f4b-59e7-4eed-a96e-fef868dea1ad,thugs.delivery,available,6.75,61.99,medium,low,5,namesilo,,,30/09/2026 15:25
9209cfd8-f753-4656-844a-4dd4f5bf6264,paradise.delivery,available,6.75,61.99,high,low,8,namesilo,,,25/09/2026 22:31
3631ab7d-d25f-4090-8f43-efde5467b60c,soar.delivery,available,6.5,,high,low,4,unstoppable,,,01/10/2026 03:34
6256bd6a-a2eb-43cf-91e0-da16623f3d40,aloha.delivery,resell,,,high,low,5,"Spaceship, Inc.",31/05/2026 21:04,31/05/2027 21:04,26/09/2026 03:48
3e35c50e-9c37-41fd-8d7c-2f4f7234d8e9,servicing.delivery,available,2.27,49.88,high,low,9,spaceship,,,01/10/2026 21:38
90d935be-8dab-4bb0-81b2-9f639a5b7d20,direction.delivery,available,6.75,61.99,high,low,9,namesilo,,,29/09/2026 07:46
48f87969-7794-438b-acbd-f1ae56329642,pianist.delivery,available,6.75,61.99,high,low,7,namesilo,,,29/09/2026 13:41
d9754250-a3c2-4249-a3f9-51f994bd83c6,stopgap.delivery,available,2.98,79.98,high,low,7,namecheap,,,24/08/2026 13:27
3f531e89-e874-4650-9d61-8d9d78f7776b,turtledove.delivery,available,2.98,79.98,medium,low,10,namecheap,,,21/09/2026 04:53
89f96778-8e5d-4a08-930e-9d1b3e7d37a8,rollercoaster.delivery,available,8.99,,high,low,14,name.com,,,
04b60a2e-4e0f-44ba-b2fc-0b95537c5f5f,access.delivery,resell,,,high,medium,6,"GoDaddy.com, LLC",24/12/2025 17:49,24/12/2026 17:49,26/09/2026 01:20
4dc7a592-c190-4027-a9c5-da1dbd00d3f7,munn.delivery,available,6.75,61.99,medium,low,4,namesilo,,,01/10/2026 11:33
214f87b8-f177-4652-9369-ca3fa2ba706d,poker.delivery,premium,99.5,118.8,high,medium,5,unstoppable,,,29/09/2026 19:21
a9dcf8ea-8738-4157-94f7-19a3dd915324,newsy.delivery,available,2.98,79.98,high,low,5,namecheap,,,20/08/2026 17:15
de1be3f1-bedc-403a-942e-95e5b30e5a0f,labelled.delivery,available,2.98,79.98,medium,low,8,namecheap,,,22/08/2026 17:15
5f90f2b7-1b3f-4d39-9056-ff0295c20377,nightmares.delivery,available,48.2,48.2,low,low,10,cloudflare,,,29/09/2026 00:01
60b46841-65d0-4549-8559-73fbb29ec746,insecurity.delivery,available,6.75,61.99,medium,low,10,namesilo,,,30/09/2026 01:58
179df3c5-2f5e-4774-8436-cd731d4f3f07,breakdown.delivery,available,5.15,49.95,medium,low,9,porkbun,,,02/10/2026 01:19
a4265b6c-693b-40a9-8609-4557d8d9bc27,specifically.delivery,available,6.75,61.99,high,low,12,namesilo,,,26/09/2026 00:54
fe2c9f5f-6f5a-49d9-87fe-9ce63cecd0b7,gyrate.delivery,available,2.98,79.98,medium,low,6,namecheap,,,10/09/2026 15:51
4f97ee6c-0475-4bff-a82f-c5ab0e7ab07f,backgrounds.delivery,available,6.75,61.99,medium,low,11,namesilo,,,20/09/2026 22:12
d97f6adb-cd2d-4ced-9352-783fcbe5e1dd,finals.delivery,available,2.98,79.98,high,low,6,namecheap,,,18/09/2026 22:07
fa2f0171-d831-46ec-b433-4e2b18c05650,proponent.delivery,available,2.98,79.98,high,low,9,namecheap,,,17/09/2026 11:45
125e62a0-70f7-4946-9646-67636c7d5eb6,aspidistra.delivery,available,6.75,61.99,medium,low,10,namesilo,,,20/09/2026 15:15
a8a48294-5937-4c0d-a80e-56ed5f310349,gallican.delivery,available,2.98,79.98,medium,low,8,namecheap,,,18/08/2026 19:40
95af1c51-4ab6-48b2-b257-50cdbc9366ed,fights.delivery,available,6.75,61.99,medium,low,6,namesilo,,,20/09/2026 00:14
f6be1d31-e452-4d03-aab0-10c9679618c3,herbaceous.delivery,available,2.98,79.98,medium,low,10,namecheap,,,21/08/2026 06:56
1165774a-2341-4371-b97e-2bd79029440f,cape.delivery,available,6.75,61.99,high,low,4,namesilo,,,24/09/2026 12:14
f2a65b0a-cb0d-4848-a609-dfc9cec859e7,luscious.delivery,available,2.98,79.98,high,low,8,namecheap,,,14/08/2026 00:22
edd091a4-055a-4aae-ba21-e600319ac193,anthropology.delivery,available,2.27,49.88,high,low,12,spaceship,,,29/09/2026 16:22
d850ea92-7ac0-4a70-882b-2974ace790bc,corpulent.delivery,available,2.98,79.98,medium,low,9,namecheap,,,13/08/2026 01:57
f6addb14-68af-4f0e-a436-5f748dcfde74,effectiveness.delivery,available,6.5,,medium,low,13,unstoppable,,,30/09/2026 05:52
41b7c71d-7af7-4f1a-bf99-77afa9d99df1,cilicia.delivery,available,2.98,79.98,medium,low,7,namecheap,,,30/09/2026 13:19
4181ccfd-c5bc-49f8-b576-4a5d4f792293,johnny.delivery,available,6.75,61.99,high,low,6,namesilo,,,25/09/2026 06:45
0ce3d169-009e-46fd-84cd-8a8a3de5b3d6,trick.delivery,available,6.75,61.99,high,low,5,namesilo,,,22/09/2026 06:28
064bd06e-3782-4a41-8be8-186d3bb893e9,fridge.delivery,available,2.27,49.88,high,low,6,spaceship,,,29/09/2026 17:57
aff9bde1-be5a-43a3-862d-eca9288ab037,removing.delivery,available,6.75,61.99,high,low,8,namesilo,,,28/09/2026 07:21
9b2e3de2-fe35-4b35-8f66-e4c8889b9d64,luisa.delivery,available,2.98,79.98,medium,low,5,namecheap,,,29/09/2026 05:31
9293b158-fc43-4c32-b421-470e900e3b5e,jackass.delivery,available,2.27,49.88,medium,low,7,spaceship,,,01/10/2026 01:11
98be5646-b843-4033-8302-94f36d736d33,auspicate.delivery,available,6.75,61.99,medium,low,9,namesilo,,,21/09/2026 03:29
b24de79b-6afa-43bb-851d-7d5386b205af,unfunded.delivery,available,2.98,79.98,medium,low,8,namecheap,,,12/09/2026 11:04
50b8eaab-bdcc-4261-8697-43a997e89d3c,hayden.delivery,available,6.75,61.99,high,low,6,namesilo,,,25/09/2026 15:33
addfaec5-7c5a-46ca-8410-c7a4da48429d,consumed.delivery,available,6.5,,high,low,8,unstoppable,,,28/09/2026 22:51
a9155617-cafe-4fb0-ba6a-e40c919600aa,abject.delivery,available,2.98,79.98,medium,low,6,namecheap,,,
87fd47aa-172d-4dcd-aaf6-002f2d9fcd4a,hamish.delivery,available,2.27,49.88,medium,low,6,spaceship,,,30/09/2026 21:04
8e874fcf-e8eb-48fe-9c90-01ed58686f0f,legibly.delivery,available,2.98,79.98,medium,low,7,namecheap,,,14/09/2026 11:06
65e85f1b-7a2e-4da1-878a-e1c9f91ec254,pectoral.delivery,available,2.98,79.98,medium,low,8,namecheap,,,08/09/2026 11:58
3fd03e87-8350-4b63-aea5-a6c4ca0081d6,drawn.delivery,available,6.75,61.99,high,low,5,namesilo,,,23/09/2026 12:57
65d28351-751a-4d8c-bfc8-bdb05fe18b82,imposed.delivery,available,2.98,79.98,medium,low,7,namecheap,,,21/08/2026 22:50
26e36def-351c-46ae-a022-6a4a5cfea33a,nicely.delivery,available,2.98,79.98,high,low,6,namecheap,,,15/09/2026 16:32
c9bd79b4-bae4-4985-aa18-9b0685ad3a42,subhuman.delivery,available,2.98,79.98,medium,low,8,namecheap,,,10/09/2026 23:56
7809de6e-fa2b-4831-bb4e-831145242bab,regulations.delivery,available,6.5,,medium,low,11,unstoppable,,,28/09/2026 04:25
df096eae-2261-4ec5-8cfe-a62f4ea42d7b,postnatal.delivery,available,2.98,79.98,medium,low,9,namecheap,,,09/09/2026 00:35
63740c3a-ea42-4bda-b4ab-698700e7a79a,sanctions.delivery,available,6.75,61.99,medium,low,9,namesilo,,,20/09/2026 01:56
60e3d78b-cb77-4ba2-848d-0495daafa566,boxers.delivery,available,2.27,49.88,high,low,6,spaceship,,,29/09/2026 03:50
4ecae60b-f827-4b60-8482-fd0cef64ae5f,sayonara.delivery,available,2.98,79.98,high,low,8,namecheap,,,17/09/2026 08:15
9ac52198-7005-416a-905a-cd6ecc3d16a4,valery.delivery,available,2.98,79.98,medium,low,6,namecheap,,,30/09/2026 13:51
8541a1be-8751-488a-b7a9-ac34ebd91584,levodopa.delivery,available,6.75,61.99,high,low,8,namesilo,,,23/09/2026 07:46
3664e687-fba2-4061-bf1f-41317835d4ba,bamako.delivery,available,6.75,61.99,medium,low,6,namesilo,,,22/09/2026 00:34
95e7da82-0503-4670-9af2-e3db4cb95ac3,adrian.delivery,available,6.75,61.99,high,low,6,namesilo,,,17/09/2026 09:59
dfc220d1-65a9-463f-8c93-10c70261c126,circumcision.delivery,available,2.27,49.88,medium,low,12,spaceship,,,30/09/2026 14:37
4def7eef-266f-4d99-84f7-36fe6caaff3a,ranking.delivery,available,6.75,61.99,high,low,7,namesilo,,,27/09/2026 09:40
0b7c733d-9ce6-40ac-9335-16080bfc479f,kendra.delivery,available,6.75,61.99,medium,low,6,namesilo,,,01/10/2026 07:27
6c66aa1c-a0c1-4e02-8538-9f47484a6040,invaders.delivery,available,2.98,79.98,medium,low,8,namecheap,,,30/09/2026 00:36
e29f27ad-d8ae-477c-96d1-09e4fdbcafa4,pcl.delivery,available,48.2,48.2,high,low,3,cloudflare,,,30/09/2026 21:08
da75852d-346b-4b76-bdb0-10a603196256,cristobal.delivery,available,6.5,,medium,low,9,unstoppable,,,30/09/2026 20:55
6421be17-2888-475d-972f-bcfbf3f24d81,cambrian.delivery,available,2.98,79.98,high,low,8,namecheap,,,11/08/2026 15:45
1d9cd111-af5c-468b-8948-f12f820869da,slaphappy.delivery,available,2.98,79.98,medium,low,9,namecheap,,,14/08/2026 05:04
ae65173e-9ef0-49ae-abf4-70507021c00a,irritation.delivery,available,2.98,79.98,medium,low,10,namecheap,,,
56035380-af1e-4df9-987a-6b79659f61d1,stoneless.delivery,available,2.98,79.98,low,low,9,namecheap,,,10/09/2026 21:12
5bc3a17c-71c9-4f82-9444-5d2556c04096,topping.delivery,available,2.98,79.98,high,low,7,namecheap,,,11/09/2026 17:36
59ddf0a2-7c23-4154-9233-b5c46646ddac,passenger.delivery,available,6.75,61.99,high,low,9,namesilo,,,27/09/2026 04:56
6452dd43-deca-4240-b419-04ad5f152140,breasted.delivery,available,2.98,79.98,medium,low,8,namecheap,,,11/08/2026 03:12
ff89acdb-0376-472b-b247-de8b65dfcc28,nates.delivery,available,2.98,79.98,medium,low,5,namecheap,,,09/08/2026 10:31
7318fe1c-936e-4fb3-8904-c7fa44d82f53,varicella.delivery,available,6.75,61.99,medium,low,9,namesilo,,,24/09/2026 14:29
91749239-92d6-4b32-87e6-a3534db1dd47,hun.delivery,available,6.5,,high,low,3,unstoppable,,,30/09/2026 16:28
391bdfa2-9563-4e79-aa52-1f73b73781dd,taken.delivery,available,6.75,61.99,high,low,5,namesilo,,,25/09/2026 10:20
f1b931d3-aa90-471d-97e8-80407256bb8b,retral.delivery,available,2.98,79.98,medium,low,6,namecheap,,,09/09/2026 15:44
2414e590-cb6f-4816-923f-425b1d14cba2,hundred.delivery,available,2.98,79.98,high,low,7,namecheap,,,21/09/2026 11:00
1d7b418b-6e90-4670-920e-717acc531059,persia.delivery,available,2.27,49.88,high,low,6,spaceship,,,01/10/2026 02:42
606720a0-faeb-4636-8578-683026259f01,mont.delivery,available,6.5,,medium,low,4,unstoppable,,,30/09/2026 19:51
c5a16aa1-2cfd-4ada-be8f-f49ee97bfe0b,hijacking.delivery,available,6.5,,medium,low,9,unstoppable,,,01/10/2026 19:58
be50e89e-9fa8-4ac8-ac59-7b27b24a55fe,will.delivery,available,48.2,48.2,high,medium,4,cloudflare,,,30/09/2026 14:37
467dafb7-f788-4b91-9b2a-5a805f60dc8c,enrolled.delivery,available,6.5,,medium,low,8,unstoppable,,,29/09/2026 10:33
e9c2a07c-cfd0-43db-af01-3a070b81df07,backflow.delivery,available,6.75,61.99,high,low,8,namesilo,,,21/09/2026 15:32
f917d5ab-cd02-4d1a-96d9-b164e147c914,anatropous.delivery,available,2.98,79.98,medium,low,10,namecheap,,,
241fb412-35ad-4ac2-801a-6bba4dbae82c,bolted.delivery,available,2.27,49.88,medium,low,6,spaceship,,,01/10/2026 16:08
eaa8a257-4898-4933-8cf9-1d6f189c342f,cases.delivery,available,6.75,61.99,medium,low,5,namesilo,,,17/09/2026 16:31
05e9b30d-2a4d-4cae-aa68-9d27f07609f6,bereaved.delivery,available,2.98,79.98,low,low,8,namecheap,,,09/08/2026 15:03
373bd468-2575-4dce-abc9-e33d123d7e4d,antiacid.delivery,available,6.75,61.99,medium,low,8,namesilo,,,22/09/2026 05:47
844420ba-ac85-4492-be52-21713a6e63ed,musical.delivery,available,2.98,79.98,high,low,7,namecheap,,,25/09/2026 19:12
54bf9d63-36a4-4af6-beb3-8eda613bba45,slowed.delivery,available,2.98,79.98,medium,low,6,namecheap,,,20/09/2026 15:42
94f079bf-a01e-42dd-8bec-1f57ed059091,playwright.delivery,available,6.75,61.99,high,low,10,namesilo,,,30/09/2026 09:24
c01de4b3-f241-44da-9c47-87039de8a6d2,albanian.delivery,premium,118.8,118.8,high,low,8,namesilo,,,
a9d832a1-4124-4166-ae9f-38fa279f4d82,sunny.delivery,resell,,,high,low,5,"GoDaddy.com, LLC",31/01/2026 17:04,31/01/2027 17:04,26/09/2026 09:24
bea4978d-3a9b-47bf-a950-a6d27dd35af0,angst.delivery,available,8.99,77.99,medium,low,5,name.com,,,19/09/2026 07:24
720c38ec-ef86-4ee1-a724-268f7b1022bd,ripely.delivery,available,2.98,79.98,medium,low,6,namecheap,,,15/09/2026 23:48
d3c9e7e2-dc2f-4959-a2e7-19499308213f,grew.delivery,available,2.27,49.88,high,low,4,spaceship,,,30/09/2026 22:49
9aa80ef8-d4e9-49f8-a057-7aa850d3a49f,homesteads.delivery,available,2.27,49.88,medium,low,10,spaceship,,,30/09/2026 07:32
ae7186a3-04a9-4849-8d86-11ee051afe4d,impersonal.delivery,available,2.98,79.98,medium,low,10,namecheap,,,21/08/2026 22:13
31519998-c835-4bc3-a3e2-2eed84966528,sully.delivery,available,2.98,79.98,medium,low,5,namecheap,,,24/08/2026 12:51
cb1ecb2e-7cde-4d8f-acba-f3f1ba5f092a,diplomacy.delivery,available,6.75,61.99,high,low,9,namesilo,,,29/09/2026 15:04
3e21b1e1-e2a2-4b45-9bea-3068f28d8f44,legislature.delivery,available,6.5,,high,low,11,unstoppable,,,01/10/2026 05:03
80339189-5f44-4b06-8218-d0517d39e6f8,activities.delivery,available,2.27,49.88,medium,low,10,spaceship,,,27/09/2026 22:27
78298945-d1e6-4f7c-82db-0e6483b8c2ff,jiang.delivery,available,6.75,61.99,high,low,5,namesilo,,,27/09/2026 08:14
546c1e98-4ad1-4018-bf87-ab0195ece13f,entities.delivery,available,6.75,61.99,medium,low,8,namesilo,,,01/10/2026 14:36
3e6f2da4-9359-4bdd-bc81-d61ac5329ca0,sprayed.delivery,available,2.98,79.98,medium,low,7,namecheap,,,30/09/2026 20:15
cae7dbc9-0ef8-4602-8399-de32e94b5d29,beheading.delivery,available,6.75,61.99,medium,low,9,namesilo,,,23/09/2026 03:20
48919ea6-e64b-4262-b03f-b9c684d71e26,exhausted.delivery,available,2.98,79.98,medium,low,9,namecheap,,,14/08/2026 14:43
4af98e6c-d44b-437b-8032-72b0135330e2,paz.delivery,available,6.75,61.99,high,low,3,namesilo,,,25/09/2026 14:05
389184d5-2e54-4f2c-90c8-ee88072ec24a,backtalk.delivery,available,2.98,79.98,medium,low,9,namecheap,,,21/09/2026 14:51
55f79530-691c-4f3a-9de3-80553ac446cb,ration.delivery,available,2.27,49.88,high,low,6,spaceship,,,30/09/2026 02:40
6a595e4f-9c67-4341-a259-701570370144,captive.delivery,available,2.98,79.98,high,low,7,namecheap,,,
dd6eed71-16eb-4615-ac6c-cde4d0d17543,observation.delivery,available,5.15,49.95,high,low,11,porkbun,,,02/10/2026 04:26
5102ac5e-314c-4553-886c-d33da0f9facb,similarities.delivery,available,48.2,48.2,medium,low,12,cloudflare,,,30/09/2026 06:01
e895c6f3-11d9-4a0a-9968-ab5921917422,valentine.delivery,available,6.75,61.99,high,low,9,namesilo,,,26/09/2026 00:29
b9860fce-c1e3-4d6a-9e9a-5c1409ce2d7b,imprint.delivery,available,2.27,49.88,high,low,7,spaceship,,,29/09/2026 18:45
f65a42f5-fc7b-432a-8424-db564ab4a74d,devours.delivery,available,6.75,61.99,low,low,7,namesilo,,,21/09/2026 08:47
ba0a3564-f923-4e58-949e-24183122ce8d,bevy.delivery,available,2.98,79.98,medium,low,4,namecheap,,,23/09/2026 12:05
7419af1c-7756-429f-8df9-c10b16689d60,profess.delivery,available,48.2,48.2,high,low,7,cloudflare,,,30/09/2026 17:40
09d6fde1-7c24-401c-af8e-a0640465c1b6,tolkien.delivery,available,2.27,49.88,medium,low,7,spaceship,,,28/09/2026 19:31
9984bc0b-28a8-4dad-aaad-b383069a4c34,commodities.delivery,available,6.75,61.99,medium,low,11,namesilo,,,02/10/2026 01:55
e294b673-257e-4b85-89ab-c480e9eebaa8,bassett.delivery,available,6.75,61.99,high,low,7,namesilo,,,27/09/2026 07:09
e5e7f838-3e25-4c14-9e46-1aa6e1a4c0c0,multiplayer.delivery,available,8.99,,high,low,11,name.com,,,
6d502d66-4cc0-4c89-ae8d-cda39adcc3bb,gland.delivery,available,2.27,49.88,medium,low,5,spaceship,,,29/09/2026 07:05
9f32adf7-aaad-4854-834c-ac0a41daff36,robed.delivery,available,2.98,79.98,medium,low,5,namecheap,,,06/08/2026 05:03
547021e9-b23d-4b8b-950a-9152b34c3e6c,formalized.delivery,available,2.98,79.98,medium,low,10,namecheap,,,18/08/2026 12:03
06e06761-951b-4897-b9b6-6b00a096c860,fran.delivery,available,8.99,,high,low,4,name.com,,,
4e3c2527-a40e-4b3e-9515-91fd6049ec87,sickening.delivery,available,2.98,79.98,medium,low,9,namecheap,,,24/08/2026 08:28
ecdc7299-0bf9-47ff-9a24-303239911436,bey.delivery,available,6.75,61.99,medium,low,3,namesilo,,,23/09/2026 12:10
32d78258-c49d-4d16-8cd9-45b04a11364c,fumble.delivery,available,2.27,49.88,high,low,6,spaceship,,,30/09/2026 16:28
3bbeb31b-22ac-48d1-8f58-49a3b8c79c25,controlled.delivery,available,6.75,61.99,high,low,10,namesilo,,,23/09/2026 22:39
72aeb427-3117-4ef3-bed4-9f51dd1f5eec,uniat.delivery,available,2.98,79.98,medium,low,5,namecheap,,,12/09/2026 12:44
af7821b0-bedc-4c43-a40c-88f36b9315dc,asanga.delivery,available,2.98,79.98,medium,low,6,namecheap,,,20/09/2026 12:49
9f1696ac-e4a1-4d63-a96a-0f5c3148e6db,fractious.delivery,available,2.98,79.98,medium,low,9,namecheap,,,18/08/2026 13:53
09ef2300-594a-40d0-83e7-77566e211d8d,zhao.delivery,available,2.27,49.88,high,low,4,spaceship,,,27/09/2026 20:53
b9cbc8a8-7b3f-4f5a-8007-20be58623810,counsellor.delivery,available,2.27,49.88,high,low,10,spaceship,,,29/09/2026 18:29
67830445-cd05-4243-a415-2d2445720bab,expository.delivery,available,2.98,79.98,medium,low,10,namecheap,,,17/08/2026 18:39
e96e7d98-0685-4a2e-8cc8-aaf7f7c9b6d9,marly.delivery,available,2.98,79.98,medium,low,5,namecheap,,,24/08/2026 16:08
bc0380ca-17ab-4929-b703-223f3cd2f190,genitive.delivery,available,2.98,79.98,medium,low,8,namecheap,,,18/08/2026 21:46
f577b93c-3b05-4b8f-9478-a38c6baabe91,committees.delivery,available,6.75,61.99,medium,low,10,namesilo,,,20/09/2026 09:05
ad2b0556-c1b8-4f95-b08b-e2401aef34ee,lending.delivery,available,6.75,61.99,high,low,7,namesilo,,,29/09/2026 07:28
bb77e145-13be-480f-a4ca-d5abb683eca8,blackburn.delivery,available,6.75,61.99,high,low,9,namesilo,,,24/09/2026 02:11
530ebfc5-4008-4c98-bc26-400b362a340a,kabul.delivery,available,48.2,48.2,medium,low,5,cloudflare,,,27/09/2026 12:08
af6ba6da-7c93-45e1-8e22-d067eb15418d,briefs.delivery,available,6.75,61.99,high,low,6,namesilo,,,29/09/2026 04:18
7f561416-9c83-469c-8150-5e64a3c78421,tidal.delivery,available,2.98,79.98,high,low,5,namecheap,,,11/09/2026 15:34
691cfb5a-b22a-40e6-a0c1-eef8ff8b5595,gott.delivery,available,6.75,61.99,medium,low,4,namesilo,,,30/09/2026 04:43
84cc7a53-397f-46fa-a36d-33b851be6378,screwdriver.delivery,available,6.75,61.99,high,low,11,namesilo,,,01/10/2026 04:34
dd4601f3-5a7c-428f-93b2-a2d29709bc7c,burnished.delivery,available,2.98,79.98,medium,low,9,namecheap,,,11/08/2026 10:59
0896ef25-e5eb-4eab-be0c-146e74419c7d,chetah.delivery,available,6.75,61.99,medium,low,6,namesilo,,,17/09/2026 01:35
9e05b6e4-a77e-4754-b13d-44bc237f2ccc,purblind.delivery,available,2.98,79.98,medium,low,8,namecheap,,,14/08/2026 07:58
84a7d413-9df6-48a2-95da-6443a99c9514,previous.delivery,available,48.2,48.2,high,low,8,cloudflare,,,01/10/2026 02:56
9bc6c72f-6741-4eab-8747-6e3627ca4bc1,unchanging.delivery,available,2.98,79.98,high,low,10,namecheap,,,12/09/2026 05:04
8d937fbf-9332-4ddf-9724-65eaa0946c75,third.delivery,available,2.98,79.98,high,low,5,namecheap,,,
833220f7-07b7-49df-8f1a-2390532d06be,persist.delivery,available,48.2,48.2,high,low,7,cloudflare,,,30/09/2026 03:13
b80a1524-0a44-42ff-92ee-fe8d44531938,coastward.delivery,available,2.98,79.98,medium,low,9,namecheap,,,14/09/2026 07:23
662c92e4-a446-4d40-8488-d8dbd4be5869,rudyard.delivery,available,6.5,,medium,low,7,unstoppable,,,01/10/2026 10:43
bc7851bb-b0f1-4c5f-a757-cee9568f7c8d,amniota.delivery,available,6.75,61.99,medium,low,7,namesilo,,,18/09/2026 22:27
57c2b5c3-236e-4504-9c53-8e3e729ff4ae,vexing.delivery,available,2.98,79.98,medium,low,6,namecheap,,,
a25dad20-6e3f-4ca2-ae64-7d044e66ac67,commandment.delivery,available,5.03,51.58,high,low,11,dynadot,,,30/09/2026 19:53
153a9c7f-8553-4e1e-b5aa-4bb2041f8ffb,pleasantly.delivery,available,2.98,79.98,high,low,10,namecheap,,,13/09/2026 18:20
33b91fed-527c-4992-a53f-0bc1bc1764a4,seem.delivery,available,48.2,48.2,high,low,4,cloudflare,,,30/09/2026 15:09
da28bd60-86db-4c48-a5e0-7b6f2c29ab0a,weaver.delivery,available,2.27,49.88,high,low,6,spaceship,,,28/09/2026 03:16
7ff55a9e-d630-4c19-8464-deabba02aca3,ane.delivery,available,2.98,79.98,high,low,3,namecheap,,,
1b4645cd-5a21-43a4-89e7-618557db2143,incredible.delivery,available,6.75,61.99,high,low,10,namesilo,,,25/09/2026 09:04
5a283b0a-d9c1-4e4c-b5c3-4998b7b58462,incentive.delivery,available,48.2,48.2,high,low,9,cloudflare,,,29/09/2026 23:44
940ed0a2-3125-4a38-8c7a-864525c2653a,macedon.delivery,available,6.75,61.99,high,low,7,namesilo,,,30/09/2026 10:30
bf806ca7-eb0b-4532-8e72-0e5e4faf670b,mexican.delivery,available,2.98,79.98,high,low,7,namecheap,,,25/09/2026 20:01
09e38ff1-ab65-4da3-b8ad-2c1221d5b548,oxycontin.delivery,available,2.98,79.98,medium,low,9,namecheap,,,20/09/2026 00:25
72bccbfa-f56a-4985-9e4d-a75b626f7a66,eyeshadow.delivery,available,2.98,79.98,high,low,10,namecheap,,,
8082647f-0404-44ee-b8b1-9769b7506888,ovular.delivery,available,2.98,79.98,medium,low,6,namecheap,,,04/09/2026 22:12
4f880373-a09d-4aa0-9c37-c65d6a7977dd,judicious.delivery,available,2.98,79.98,high,low,9,namecheap,,,21/08/2026 02:00
4b9c4608-757c-4296-bea3-270bfc4bb24d,vivacious.delivery,available,2.98,79.98,high,low,9,namecheap,,,13/09/2026 05:07
5bc6d676-bbfe-4841-a826-5d3acf8e27b2,deathless.delivery,available,8.99,77.99,medium,low,9,name.com,,,13/08/2026 20:02
3ca58304-889d-4d23-830d-041a6d8ab5d0,tackle.delivery,available,6.5,,high,low,6,unstoppable,,,28/09/2026 05:46
8d57fb13-f2ff-438f-a53b-6176aee43e83,twofold.delivery,available,2.98,79.98,medium,low,7,namecheap,,,14/08/2026 16:39
2ff7e490-0947-4441-9091-9526312ea546,hexagonal.delivery,available,2.98,79.98,medium,low,9,namecheap,,,21/08/2026 07:50
8164e7a1-bbac-4ba5-9e8e-9aff49441696,mould.delivery,available,6.75,61.99,medium,low,5,namesilo,,,24/09/2026 15:22
6a541b0c-e6e9-4bb7-8f90-69c928e1ca04,fetish.delivery,available,6.75,61.99,high,low,6,namesilo,,,01/10/2026 02:09
a5a9c9d4-43fb-48ec-b9e4-c49901388d5d,seventh.delivery,available,2.98,79.98,high,low,7,namecheap,,,
c5424555-6958-48dd-bcb4-d7a4d2480eb9,florio.delivery,available,6.75,61.99,high,low,6,namesilo,,,01/10/2026 19:36
75230e06-6714-4063-b9a6-73b2a29a1d82,scanners.delivery,available,6.75,61.99,medium,low,8,namesilo,,,19/09/2026 22:09
c16e283b-a430-4e4a-b3df-01e74429f7fe,caspar.delivery,available,6.75,61.99,medium,low,6,namesilo,,,29/09/2026 06:16
8f699dd5-8f99-4806-b1fb-648e35d23c18,aconcagua.delivery,available,2.98,79.98,medium,low,9,namecheap,,,17/09/2026 02:04
b3f91410-3168-47b0-bdd0-22d52fdad84c,side.delivery,available,48.2,48.2,high,low,4,cloudflare,,,27/09/2026 21:50
9084f3a5-ab3b-4d08-99f6-0f696f36927b,affaire.delivery,available,6.75,61.99,medium,low,7,namesilo,,,17/09/2026 14:00
a33624e8-0ed0-4ba0-95ad-0b7ba9682b54,makeover.delivery,available,8.99,,high,low,9,name.com,,,
1083e20a-e7e9-48cb-8efc-5de85a6acdec,stillborn.delivery,available,2.98,79.98,medium,low,9,namecheap,,,
c4984717-0913-4d36-9539-0d5d59ce5d53,lithesome.delivery,available,2.98,79.98,medium,low,9,namecheap,,,24/08/2026 01:12
a7fba1b7-24b3-4ade-a385-8dde1e17414a,ambassadors.delivery,available,6.75,61.99,medium,low,11,namesilo,,,30/09/2026 15:27
e2a56167-97dc-4ae3-9e1c-cac66a2013fb,metalloid.delivery,available,2.98,79.98,medium,low,9,namecheap,,,24/08/2026 21:37
15e153cf-db3f-4cd4-82ed-425028d7efbc,jingly.delivery,available,2.98,79.98,medium,low,6,namecheap,,,22/08/2026 13:29
f51a64df-7ff9-4a01-9e4e-5103eeeb54eb,potently.delivery,available,2.98,79.98,medium,low,8,namecheap,,,15/09/2026 21:07
3c0e6f57-da1c-4203-91ab-9e28e6394d61,sperm.delivery,available,6.75,61.99,high,low,5,namesilo,,,30/09/2026 11:38
779a299f-abb9-488b-8940-3ddc27ec0ab0,moron.delivery,available,2.98,79.98,medium,low,5,namecheap,,,21/08/2026 20:28
17791068-a4c0-4161-b180-7789772a430e,garfish.delivery,available,6.75,61.99,medium,low,7,namesilo,,,23/09/2026 16:11
2b9d5d1a-62d2-4724-a403-15751f255504,burbling.delivery,available,2.98,79.98,medium,low,8,namecheap,,,11/08/2026 10:10
be61af1f-2115-4615-a9e3-6dec265df652,senators.delivery,available,48.2,48.2,low,low,8,cloudflare,,,29/09/2026 05:32
792a13be-8aec-4b21-b309-4263471428b9,isabella.delivery,available,5.03,51.58,high,low,8,dynadot,,,30/09/2026 02:02
02f72388-79d5-4674-a386-383dbb296b07,freshly.delivery,available,2.98,79.98,high,low,7,namecheap,,,18/08/2026 15:18
5910696e-f355-41ad-9b06-40774033e1a9,citation.delivery,available,2.98,79.98,high,low,8,namecheap,,,29/09/2026 18:20
5c623d82-6e2b-4fbc-9e4a-c6d4f9408c49,hindoo.delivery,available,2.98,79.98,medium,low,6,namecheap,,,21/08/2026 09:33
91e4d33c-e57c-44b4-94ee-cf844a04db85,announcements.delivery,available,2.27,49.88,medium,low,13,spaceship,,,30/09/2026 06:45
4a0e6b5b-a534-4ff9-b0a6-4ff34dc71c3c,bontemps.delivery,available,6.75,61.99,high,low,8,namesilo,,,20/09/2026 08:07
5746105c-b340-4aa1-b08e-41f79a7e196c,smoker.delivery,available,6.5,,medium,low,6,unstoppable,,,30/09/2026 02:54
a2034add-2541-4d69-9799-2df2a57bf47b,bayonne.delivery,available,2.98,79.98,medium,low,7,namecheap,,,22/09/2026 18:07
443331d1-8e73-4d12-b566-2d7f8418956e,tries.delivery,available,2.98,79.98,medium,low,5,namecheap,,,25/09/2026 19:53
6ea14187-663d-4fc0-8d97-d982475b3e99,adventitia.delivery,available,6.75,61.99,medium,low,10,namesilo,,,17/09/2026 10:36
7191bf96-37a6-4960-b5f9-950fed56824b,denis.delivery,available,6.75,61.99,high,low,5,namesilo,,,25/09/2026 15:03
6642bb0d-2c5c-442d-9d65-e4adbf850acb,coniferous.delivery,available,2.98,79.98,high,low,10,namecheap,,,12/08/2026 20:37
a77e587f-9f9e-4a5b-8b4d-4ce70c32be3e,directions.delivery,available,6.75,61.99,high,low,10,namesilo,,,27/09/2026 09:16
e3a3a50e-a2da-42be-8e13-da7cb81cddf3,ultimo.delivery,available,2.98,79.98,high,low,6,namecheap,,,11/09/2026 22:47
638b52ab-4cf3-4b29-b4bd-3a0dc54ca577,cordial.delivery,available,2.98,79.98,high,low,7,namecheap,,,21/09/2026 21:39
e0219457-fcc4-4fb2-acf8-476d18a62e46,graphic.delivery,available,48.2,48.2,high,low,7,cloudflare,,,01/10/2026 15:47
105be7f8-2f25-4bef-9f62-15571399fe74,godard.delivery,available,2.98,79.98,medium,low,6,namecheap,,,01/10/2026 19:49
800c4f8c-040b-4d22-b38f-0555bb6880c8,maru.delivery,available,5.03,51.58,high,low,4,dynadot,,,30/09/2026 11:45
e6c2e45a-b8a2-4f15-a515-6030f3cf69df,oddish.delivery,available,2.98,79.98,low,low,6,namecheap,,,04/09/2026 00:50
f8dd0813-34a6-4789-bd6f-e49d40387dad,truths.delivery,available,5.03,51.58,medium,low,6,dynadot,,,30/09/2026 06:17
d946377b-d81a-4ada-8131-6338f638446e,straw.delivery,available,2.98,79.98,high,low,5,namecheap,,,10/09/2026 22:03
cce4b4fa-af4e-4e86-8c16-6c3453a376d9,vain.delivery,available,6.75,61.99,high,low,4,namesilo,,,22/09/2026 23:50
1e11aa49-7290-412f-8e0d-0993b0140a59,bop.delivery,available,6.75,61.99,high,low,3,namesilo,,,22/09/2026 10:28
1a5dcbb5-1b9f-4f80-b9ac-cfb9d32b8320,arteries.delivery,available,2.98,79.98,medium,low,8,namecheap,,,30/09/2026 06:28
e3c8d049-5a82-4c78-a1ed-f6ac2c23dc57,printing.delivery,resell,,,high,low,8,,,,28/09/2026 06:37
891eb9bb-ff73-48b5-9405-edd45fa7f222,lethargic.delivery,available,2.98,79.98,medium,low,9,namecheap,,,23/08/2026 00:27
db21e1ac-8d1e-482f-b9f0-bdbb1e69f2a8,selecting.delivery,available,6.5,,medium,low,9,unstoppable,,,01/10/2026 16:17
9f4ee307-e68e-4e2c-8d1d-bd3466e1730e,hpv.delivery,available,6.75,61.99,high,low,3,namesilo,,,30/09/2026 23:05
4b29c8cf-34d1-4cd8-946a-dfb98ac40d30,composting.delivery,available,3.99,109.99,high,low,10,godaddy,,,01/10/2026 00:25
455d48f3-4a85-43fd-839c-c19884de7827,robison.delivery,available,48.2,48.2,medium,low,7,cloudflare,,,30/09/2026 21:35
05e8ca6c-7fb2-4cc3-bd48-2e2ea5ee798a,supplemental.delivery,available,5.15,49.95,high,low,12,porkbun,,,30/09/2026 19:44
7ff4ba25-41ea-494e-a877-29a215f59920,rump.delivery,available,2.98,79.98,medium,low,4,namecheap,,,09/08/2026 11:28
bd9404b8-c10f-4512-a1ca-8771fed31af4,fraternity.delivery,available,5.03,51.58,high,low,10,dynadot,,,28/09/2026 14:13
c9fa4168-5ccf-419d-9bfd-4f143690e39b,jeopardy.delivery,available,2.27,49.88,high,low,8,spaceship,,,28/09/2026 14:01
1f05cb90-31e4-4414-9337-ebc10a479dd3,marginal.delivery,available,6.75,61.99,high,low,8,namesilo,,,23/09/2026 00:04
1bf3fed9-7bd2-4a6d-aaff-59be1302e221,sumerian.delivery,available,2.98,79.98,high,low,8,namecheap,,,11/09/2026 01:33
9e3018e2-70ce-4c29-8b69-2ccf068d3e9e,variance.delivery,available,2.98,79.98,high,low,8,namecheap,,,13/09/2026 01:16
c5ddf12f-ebaf-488d-8bfd-3f621b642a02,whitewater.delivery,available,8.99,,high,low,11,name.com,,,
88c6c4e2-68a2-4ece-a518-3df33a7a8fcc,lever.delivery,available,5.03,51.58,high,low,5,dynadot,,,28/09/2026 14:32
9e01ef64-d65f-4dd1-8d88-fe8085ea59b2,rubus.delivery,available,2.27,49.88,high,low,5,spaceship,,,02/10/2026 05:02
80a562e8-6099-42c5-be04-c086eceab771,acidotic.delivery,available,2.98,79.98,medium,low,8,namecheap,,,
c12968ad-7352-42b3-8658-3fab90ccc3c1,disaster.delivery,available,6.75,61.99,high,low,8,namesilo,,,24/09/2026 11:38
29642a04-2144-49ec-b660-a52ca112a800,peppy.delivery,available,2.98,79.98,high,low,5,namecheap,,,08/09/2026 15:44
4850b647-c6fd-4bd4-831b-ac30da7c4760,assuming.delivery,available,2.98,79.98,medium,low,8,namecheap,,,07/08/2026 08:16
9211c6f7-89fb-4197-aa4b-bd07d70038e4,rimy.delivery,available,2.98,79.98,medium,low,4,namecheap,,,09/09/2026 17:41
3dcf1ab4-b709-46b0-b090-00d4569905fc,videos.delivery,resell,,,medium,low,6,GoDaddy Online Services Cayman Islands Ltd.,04/04/2020 04:38,04/04/2027 04:38,30/09/2026 13:36
0b246f15-fc78-4ba0-a5a6-9f4b059ea1d8,folding.delivery,available,2.98,79.98,high,low,7,namecheap,,,24/09/2026 20:52
c32b01c0-2a90-4aec-9242-1c1e194d5cd2,hirschfeld.delivery,available,2.98,79.98,medium,low,10,namecheap,,,18/09/2026 01:20
f0ba3588-aba2-4ef8-ada4-7b3b5b0873ed,separation.delivery,available,2.27,49.88,high,low,10,spaceship,,,30/09/2026 10:56
7e3e9fbf-0cb1-4627-95c1-1e31a58ae7e6,anhui.delivery,available,2.27,49.88,medium,low,5,spaceship,,,30/09/2026 21:24
88aefd8e-e832-4bee-9845-402de43798cd,beholder.delivery,available,2.98,79.98,high,low,8,namecheap,,,08/09/2026 16:20
4643ea64-82fe-4cf5-9553-601330d0e4bd,guinean.delivery,available,2.98,79.98,medium,low,7,namecheap,,,20/08/2026 20:52
e4dc5478-1a88-4692-8d82-c6be1e9605f9,transparency.delivery,available,8.99,,high,low,12,name.com,,,
3aef7878-2f38-4939-a2a6-ef0c510037bd,mapping.delivery,available,6.5,,high,low,7,unstoppable,,,30/09/2026 09:11
7c83591a-5e0f-454b-856c-c279f54f64f7,arose.delivery,available,6.75,61.99,medium,low,5,namesilo,,,29/09/2026 22:55
2717b73e-0088-4871-81b1-b691de1ab130,cocky.delivery,available,2.98,79.98,high,low,5,namecheap,,,12/08/2026 15:02
013238a7-edee-4322-a6dd-f8af79f4642d,hangman.delivery,available,48.2,48.2,high,low,7,cloudflare,,,02/10/2026 05:10
84ef75e2-bdc3-45c6-9ca5-b01cd690821d,orbits.delivery,available,48.2,48.2,medium,low,6,cloudflare,,,01/10/2026 17:47
5f91443f-a520-487c-88f7-82d07decc83d,fodder.delivery,available,2.98,79.98,medium,low,6,namecheap,,,24/09/2026 12:05
d87ec73b-ad1c-47e2-8dda-544892cc4a75,holmes.delivery,available,6.75,61.99,high,low,6,namesilo,,,20/09/2026 10:51
02cef9a7-ecda-4efb-8b33-26e873ebbc42,miracles.delivery,available,48.2,48.2,high,low,8,cloudflare,,,28/09/2026 05:03
b0b44702-52e2-4a1a-bf59-37dabddc3cf4,bayberry.delivery,available,6.75,61.99,medium,low,8,namesilo,,,22/09/2026 17:18
895f1173-964d-4082-bbd4-ded395d8d4fe,aspirator.delivery,available,6.75,61.99,medium,low,9,namesilo,,,20/09/2026 15:23
629dcc5e-ed27-4369-b297-75bbd4db14dc,zeal.delivery,available,2.98,79.98,high,low,4,namecheap,,,20/09/2026 03:17
77b848c0-c2ec-4537-a4cf-e7a7896f0d9b,philippa.delivery,available,5.03,51.58,high,low,8,dynadot,,,01/10/2026 08:16
a0d129ce-b787-4d03-931d-bcf25e77200c,biaxial.delivery,available,2.98,79.98,medium,low,7,namecheap,,,09/08/2026 18:44
ce3e8531-a953-4d8d-b93d-56214eb51415,pabulum.delivery,available,2.98,79.98,medium,low,7,namecheap,,,12/08/2026 18:49
30c27372-b99d-4d78-b4b9-9a523882ee2a,reilly.delivery,available,2.98,79.98,high,low,6,namecheap,,,27/09/2026 02:49
3c94bd3e-7c20-4bc9-be11-d0717a637d3f,pyramidal.delivery,available,2.98,79.98,high,low,9,namecheap,,,09/09/2026 06:55
33203ce8-9cb0-46b5-a7b0-82b0eaaffe61,salaries.delivery,available,2.27,49.88,medium,low,8,spaceship,,,30/09/2026 07:09
8f89dc72-44ee-4a51-8d54-23f9750620e9,loops.delivery,available,2.98,79.98,high,low,5,namecheap,,,17/09/2026 12:15
812a4709-e248-44fe-a672-4b63fd17276a,devolve.delivery,available,2.98,79.98,high,low,7,namecheap,,,13/08/2026 23:59
583a3a7e-0a98-4d2c-8c90-9a2cafe32faf,indoor.delivery,available,6.75,61.99,high,low,6,namesilo,,,16/09/2026 19:42
537b4b66-dc7d-43b9-b7d2-9bcbb97e15a5,tanner.delivery,available,5.03,51.58,high,low,6,dynadot,,,29/09/2026 20:24
70b7d763-36dd-4a22-b252-d8c570983738,pliant.delivery,available,2.98,79.98,medium,low,6,namecheap,,,09/08/2026 14:11
2f6d701e-521b-433a-b26d-bb91b560477b,command.delivery,available,2.98,79.98,high,low,7,namecheap,,,23/09/2026 13:28
7a11810d-1704-4c16-93a9-fc2e4616c701,sear.delivery,available,2.98,79.98,medium,low,4,namecheap,,,14/08/2026 19:05
7138e076-f4f6-4583-86a7-9c4bd049c906,avon.delivery,available,48.2,48.2,high,low,4,cloudflare,,,28/09/2026 23:31
1f11d8a1-3b09-457f-9dfc-3d445addbc99,yawning.delivery,available,2.98,79.98,high,low,7,namecheap,,,13/09/2026 14:18
645986d8-3055-471a-9896-912cc51c7263,uncounted.delivery,available,2.98,79.98,medium,low,9,namecheap,,,13/08/2026 03:44
2fb5633d-ddbe-45f2-8322-ca7ec3a0ae2a,airwoman.delivery,available,6.75,61.99,medium,low,8,namesilo,,,17/09/2026 23:25
8ac2f487-c9a8-4301-8d15-7ef61a0f4bdf,cheaply.delivery,available,2.98,79.98,medium,low,7,namecheap,,,14/09/2026 06:37
fc1fe5e9-9795-439a-ae65-aa0f2e79c766,howard.delivery,available,6.75,61.99,high,low,6,namesilo,,,25/09/2026 04:08
2f6b2c6c-5273-4cb0-b399-12156e3884df,overarching.delivery,available,6.5,,high,low,11,unstoppable,,,30/09/2026 20:07
c88cb2a4-e04c-40c6-8cbf-61ed1d2b1536,hick.delivery,available,2.98,79.98,medium,low,4,namecheap,,,11/08/2026 09:44
9696e0a0-60dc-457d-a7a3-cee71adea67d,disappear.delivery,available,6.75,61.99,high,low,9,namesilo,,,27/09/2026 05:58
e43f07ad-a8bc-45eb-8032-9efb60668e22,calibre.delivery,available,2.98,79.98,high,low,7,namecheap,,,24/09/2026 11:45
eb10f5fe-eae8-4068-a282-0075bf723219,puppies.delivery,available,48.2,48.2,low,low,7,cloudflare,,,30/09/2026 00:00
a54eac5c-b94e-4b72-abc5-567301055c91,accumulated.delivery,available,6.75,61.99,medium,low,11,namesilo,,,30/09/2026 22:32
7f97b433-012f-43f9-b8a1-8cf53f823801,vin.delivery,available,2.98,79.98,high,low,3,namecheap,,,30/09/2026 11:43
0fe2edbd-7533-4609-9a25-21228198301d,armoire.delivery,available,6.75,61.99,medium,low,7,namesilo,,,20/09/2026 07:20
de7e9dd8-fc12-4c15-823b-617ad52321ad,unequal.delivery,available,2.98,79.98,medium,low,7,namecheap,,,22/08/2026 00:15
f139d156-b235-43b6-be99-05efc7c786b9,semi.delivery,available,6.75,61.99,high,low,4,namesilo,,,20/09/2026 11:18
237c5c94-aad9-4d12-9a5c-c21602660b49,danish.delivery,available,8.99,77.99,high,low,6,name.com,,,13/08/2026 17:19
7f179b76-d14d-4b07-9380-e640c628f87c,traders.delivery,available,8.99,,high,low,7,name.com,,,
ceb3de35-4ae9-44ed-8072-b1003c454c1b,worcester.delivery,available,2.27,49.88,high,low,9,spaceship,,,01/10/2026 20:10
543e2c84-96e6-42bf-85bb-dd35b505ea3e,goosebumps.delivery,available,6.75,61.99,medium,low,10,namesilo,,,19/09/2026 00:04
34bb99fc-d494-4867-b863-ab2107fc4202,montaigne.delivery,available,2.27,49.88,high,low,9,spaceship,,,30/09/2026 18:02
fb53ec69-e718-4711-a7ca-a88428e2004c,rail.delivery,available,48.2,48.2,high,low,4,cloudflare,,,29/09/2026 20:10
d37d92f9-aafd-4e57-82ad-ff6fc44c3cb6,babyish.delivery,available,2.98,79.98,medium,low,7,namecheap,,,08/08/2026 03:53
87b55336-37b6-4de2-982b-573bc9660cc6,norwegian.delivery,available,2.98,79.98,high,low,9,namecheap,,,25/09/2026 23:14
ffab9577-6003-49a7-867b-b9cf0a0e58de,columbo.delivery,available,,,medium,low,7,,,,18/09/2026 19:32
f23604ca-d97c-4017-bae2-3a813b885693,bioassay.delivery,available,6.75,61.99,medium,low,8,namesilo,,,23/09/2026 17:38
828858b7-e97b-4a66-8cfe-0278493f5831,bandoneon.delivery,available,6.75,61.99,medium,low,9,namesilo,,,22/09/2026 01:29
f293348f-84c4-49bc-b2d7-e53f8a82aaab,droll.delivery,available,2.98,79.98,medium,low,5,namecheap,,,14/08/2026 19:39
e5dbe0ae-5cb4-4f6b-b766-df9126f15655,bunny.delivery,available,2.27,49.88,high,low,5,spaceship,,,29/09/2026 05:25
8ecc760a-cdc4-47f8-91ec-69eae370cc0d,boringly.delivery,available,2.98,79.98,medium,low,8,namecheap,,,14/09/2026 01:08
4ea643e5-3831-4fd1-981e-de3e0252ccf7,insanity.delivery,available,5.15,49.95,high,low,8,porkbun,,,28/09/2026 02:09
78b0a800-34da-43a8-b87f-0cb63e485b9e,averroes.delivery,available,2.98,79.98,medium,low,8,namecheap,,,16/09/2026 18:56
01305515-0c05-49d0-9c6a-311a69c25f28,marian.delivery,available,2.98,79.98,high,low,6,namecheap,,,24/08/2026 15:53
9ae10567-e266-460b-835b-536bdf150a98,amiably.delivery,available,2.98,79.98,medium,low,7,namecheap,,,13/09/2026 17:50
02ec4975-fb1a-4cc6-a196-be877bb5d670,enviable.delivery,available,6.75,61.99,high,low,8,namesilo,,,24/09/2026 14:16
013e1379-5534-490a-8d11-fe797ce52af3,saleh.delivery,available,2.27,49.88,high,low,5,spaceship,,,29/09/2026 22:35
38443b6c-4005-4aa8-9f51-86438b66bfd6,biogenic.delivery,available,2.98,79.98,high,low,8,namecheap,,,10/08/2026 01:27
c9ddfe79-ba67-4664-a2d7-a0396f2f6c45,ashcan.delivery,available,6.75,61.99,medium,low,6,namesilo,,,20/09/2026 13:35
f3dcbc59-9eea-43c6-9ef2-b5007e6a6c23,embarrass.delivery,available,48.2,48.2,medium,low,9,cloudflare,,,29/09/2026 11:42
ac525ccb-ba7b-45fb-83a7-1ab27311a5e2,poured.delivery,available,6.75,61.99,medium,low,6,namesilo,,,18/09/2026 02:28
489a4e05-b9e1-4891-bd55-15f11de9cedf,audacious.delivery,available,6.75,61.99,high,low,9,namesilo,,,22/09/2026 12:06
f0ea213d-334c-4065-8111-831f5bb01d5c,bred.delivery,available,6.5,,high,low,4,unstoppable,,,29/09/2026 14:17
9cab93e6-41c2-483c-b1ef-ea7d7df139b0,adeline.delivery,available,2.27,49.88,high,low,7,spaceship,,,30/09/2026 21:11
508e5681-0806-467e-8514-6e84062b94d6,subtle.delivery,available,3.99,109.99,high,low,6,godaddy,,,28/09/2026 01:48
0d0815e4-c9a2-43a7-b1b7-87e8b7b56ebe,supervise.delivery,available,6.75,61.99,high,low,9,namesilo,,,30/09/2026 05:05
e2b71db8-ef61-4467-8771-80ea80ad52c4,backlog.delivery,available,6.75,61.99,high,low,7,namesilo,,,21/09/2026 15:41
8677d932-9b69-4a63-a824-5a7f5e258bf0,batik.delivery,available,6.75,61.99,high,low,5,namesilo,,,22/09/2026 14:02
7869cdd3-bb01-4f85-bb07-d8c9ac77c937,floating.delivery,available,2.98,79.98,high,low,8,namecheap,,,14/08/2026 19:14
8f36a113-267d-4d54-b9f8-4ec9dc3f2e1d,baleful.delivery,available,2.98,79.98,medium,low,7,namecheap,,,08/08/2026 09:39
1bda1ab4-d596-423a-baa3-b14bf9c64bb5,humbling.delivery,available,2.98,79.98,medium,low,8,namecheap,,,14/08/2026 01:09
e66734cb-8168-4b25-bc15-8453d4aa1b42,overwhelmed.delivery,available,8.99,,medium,low,11,name.com,,,
7b4236a1-d267-4cb3-a731-001c6d27963b,impulses.delivery,available,6.5,,medium,low,8,unstoppable,,,30/09/2026 14:13
e1127302-9f1b-40b0-a687-126782e6e3c7,tidily.delivery,available,6.75,61.99,medium,low,6,namesilo,,,16/09/2026 09:05
a580e39c-46e4-4b35-aa6b-e6b8651b0b52,penial.delivery,available,2.98,79.98,medium,low,6,namecheap,,,08/09/2026 14:23
d9803378-b05d-464f-b4b6-ef94af538dc7,disabled.delivery,available,2.98,79.98,high,low,8,namecheap,,,24/09/2026 10:55
c3dc12c1-95cc-49e4-986c-4a029f72b964,monarchy.delivery,available,5.03,51.58,high,low,8,dynadot,,,29/09/2026 13:28
f3e5fa9c-bab8-4acd-b9aa-8df78a50f7fe,polygon.delivery,available,2.27,49.88,high,low,7,spaceship,,,30/09/2026 07:11
32cbf083-a342-45ab-aa55-129663ed977c,two.delivery,available,6.5,49.88,high,low,3,unstoppable,,,01/10/2026 20:17
5da0eb96-db70-4d14-bbf0-2a214aa4083c,ohl.delivery,available,5.03,51.58,medium,low,3,dynadot,,,01/10/2026 12:36
9efdfb89-a7c2-49db-b1d7-a4a167460119,celebration.delivery,available,6.75,61.99,high,low,11,namesilo,,,27/09/2026 02:20
d4677569-12c1-4c5c-92a9-858dfbf7cd2d,purgatory.delivery,available,6.5,,medium,low,9,unstoppable,,,01/10/2026 21:24
cbfb1c60-bba8-4276-a32a-ce7fba16385c,priced.delivery,available,6.75,61.99,high,low,6,namesilo,,,30/09/2026 00:11
2760c4f2-bd71-4bfd-8a85-c1108f1b700f,macmillan.delivery,available,2.98,79.98,high,low,9,namecheap,,,25/09/2026 12:59
4624c101-54ee-4073-b84b-127b1fbf8fac,medial.delivery,available,2.98,79.98,high,low,6,namecheap,,,24/08/2026 18:51
788f3156-4961-4b29-859f-30077327af8c,releases.delivery,available,48.2,48.2,high,low,8,cloudflare,,,29/09/2026 16:41
fafe68a2-a2d4-4393-b277-d6c2896da070,endangered.delivery,available,2.98,79.98,high,low,10,namecheap,,,17/08/2026 00:51
d57f31a4-c1ac-4b3a-9bfb-e6dad5faf730,chaplin.delivery,available,6.75,61.99,high,low,7,namesilo,,,28/09/2026 18:39
ea4547b3-c281-49c6-b82e-4e785a959abd,footballer.delivery,available,6.5,,high,low,10,unstoppable,,,29/09/2026 19:49
78f42328-846d-4eba-aab9-9d41e3f17242,apocalypse.delivery,available,2.98,79.98,medium,low,10,namecheap,,,19/09/2026 18:10
83a7c5c1-303f-4a5d-9024-444222ddcb95,anus.delivery,available,2.98,79.98,medium,low,4,namecheap,,,19/09/2026 15:56
722533a4-5fa6-4a7b-83cf-cdb91e028aae,differential.delivery,available,6.5,,high,low,12,unstoppable,,,29/09/2026 21:05
b1145935-af4a-4e41-ad10-2af6beb2b0b2,insanely.delivery,available,2.98,79.98,medium,low,8,namecheap,,,14/09/2026 09:13
fc1695b4-69f4-4c42-9d00-ff3819f7a194,bulky.delivery,available,6.75,61.99,medium,low,5,namesilo,,,23/09/2026 10:36
0e738890-b0c5-48d2-9b89-78c5c895b367,persons.delivery,available,2.98,79.98,medium,low,7,namecheap,,,27/09/2026 21:14
0ad86ea1-7961-4eb7-807a-6c0f9be58064,indicative.delivery,available,2.98,79.98,medium,low,10,namecheap,,,13/08/2026 21:42
0c8f98b7-79e5-4ec8-ac4f-b3fa13d0a265,stopping.delivery,available,6.75,61.99,high,low,8,namesilo,,,30/09/2026 12:09
11af3e9b-1ec0-4b47-bc06-64520d1c972c,anaglyphic.delivery,available,2.98,79.98,medium,low,10,namecheap,,,
862e3336-e1a1-4d19-983a-c90e420d2217,ebola.delivery,available,48.2,48.2,medium,low,5,cloudflare,,,30/09/2026 17:06
a57fa63a-3d19-4102-a97b-a06e4db6085b,tribunal.delivery,available,6.75,61.99,high,low,8,namesilo,,,30/09/2026 01:07
dc792ff0-70d6-4176-b5a2-9078447a41a8,nescience.delivery,available,2.98,79.98,medium,low,9,namecheap,,,12/09/2026 14:26
289804cd-9c4b-477a-8671-7388e11c7947,unthankful.delivery,available,2.98,79.98,medium,low,10,namecheap,,,11/09/2026 12:29
12d640b5-dfdf-4d72-b436-f65571cda337,polish.delivery,available,6.75,61.99,high,low,6,namesilo,,,27/09/2026 04:22
c2601f9c-5101-48d7-93dd-9024f4dda81a,oratorical.delivery,available,2.98,79.98,medium,low,10,namecheap,,,04/09/2026 17:30
0b37ae51-0bb5-4b4c-a575-08a7c0a7ed1c,empty.delivery,available,6.75,61.99,high,low,5,namesilo,,,24/09/2026 13:56
0ff727f2-e91d-4c27-8582-88916ef9ef09,somnolent.delivery,available,2.98,79.98,medium,low,9,namecheap,,,10/09/2026 11:38
99d0a2e5-3b20-4594-9a86-95807b10995d,fowl.delivery,available,6.5,,high,low,4,unstoppable,,,30/09/2026 17:01
a45cd301-09d6-4d2f-a060-841d304efe71,katanga.delivery,available,6.5,,medium,low,7,unstoppable,,,30/09/2026 21:27
80352cce-c124-4e3b-95a9-fd2a18302fde,bittie.delivery,available,2.98,79.98,medium,low,6,namecheap,,,10/08/2026 07:56
d91e3aa7-7fe5-4d25-bc12-77290916ee34,thundery.delivery,available,8.99,77.99,medium,low,8,name.com,,,13/08/2026 19:58
538a9432-cca9-420f-b0b8-9fa2646f70f8,phonologic.delivery,available,2.98,79.98,medium,low,10,namecheap,,,08/09/2026 19:14
c88291dd-29a0-4fe7-8d24-3be46108d134,alligator.delivery,available,5.15,49.95,high,low,9,porkbun,,,28/09/2026 20:35
cfa8744f-3b95-4a61-9171-65f3512283b8,helm.delivery,available,2.27,49.88,high,medium,4,spaceship,,,28/09/2026 19:26
262b1cad-873f-43f4-93e7-86e07ef4d0df,fantasm.delivery,available,2.98,79.98,medium,low,7,namecheap,,,08/09/2026 18:39
fa9f5322-c45b-4533-8c2a-18461065414d,lxxxvi.delivery,available,2.98,79.98,medium,low,6,namecheap,,,
6b69b234-07b3-47bb-a755-469fb3a04acf,tagore.delivery,available,6.5,,medium,low,6,unstoppable,,,30/09/2026 02:38
ffc1f03d-dd46-4ace-8324-224c6c1ad319,baum.delivery,available,2.98,79.98,high,low,4,namecheap,,,22/09/2026 16:38
93868226-f6f9-41ef-b66e-f5a6900314ea,lupin.delivery,available,2.98,79.98,high,low,5,namecheap,,,24/08/2026 11:41
3ea89dcd-7b45-4d7d-a34e-c212b1887fba,founding.delivery,available,6.5,,high,low,8,unstoppable,,,29/09/2026 18:56
8f135d3e-495c-4043-82c7-508b8e6620bf,gates.delivery,available,6.75,61.99,high,low,5,namesilo,,,29/09/2026 02:38
30542db0-6a0e-47d6-8b43-da6913e7c95a,latrobe.delivery,available,6.75,61.99,medium,low,7,namesilo,,,23/09/2026 08:20
f5a5f4fd-7663-4676-a4b0-e29f41cf74d1,transylvania.delivery,available,2.27,49.88,high,low,12,spaceship,,,27/09/2026 18:35
c435308d-732e-4f78-a186-516ded4dc1d0,mitra.delivery,available,6.5,,high,low,5,unstoppable,,,30/09/2026 02:19
d8f1ff5e-4e6e-4208-ac7a-d9773afb5f77,oversewn.delivery,available,2.98,79.98,medium,low,8,namecheap,,,04/09/2026 21:48
da035ad1-f3d4-4316-a2ed-83b6a5e391eb,botchy.delivery,available,2.98,79.98,medium,low,6,namecheap,,,10/08/2026 20:53
f611887a-397b-448f-b39d-6f66fbfdfa6c,manlike.delivery,available,2.98,79.98,medium,low,7,namecheap,,,24/08/2026 14:48
c232763d-bcbe-46a3-9908-ca62c97bcf05,distributor.delivery,available,6.75,61.99,high,low,11,namesilo,,,29/09/2026 08:54
c7aee234-2b8e-44c3-a3f4-8a77da715d6a,respects.delivery,available,2.27,49.88,high,low,8,spaceship,,,30/09/2026 09:58
943b75c5-fd59-4450-a86b-265d919f7d74,twelve.delivery,available,2.98,79.98,high,low,6,namecheap,,,21/09/2026 11:23
47075ab9-0265-4a89-899c-7fa434e06379,grounds.delivery,available,2.98,79.98,high,low,7,namecheap,,,24/09/2026 20:34
54786fb3-6e8a-406e-822f-cd7b68e926d3,endermic.delivery,available,2.98,79.98,medium,low,8,namecheap,,,17/08/2026 00:56
c6ae2aa4-cf67-4751-8f37-609ddc3c99f2,medicare.delivery,available,2.98,79.98,high,low,8,namecheap,,,01/10/2026 20:30
0ca21021-4658-4b2a-98e3-79ad542fe253,shapeless.delivery,available,2.98,79.98,medium,low,9,namecheap,,,
11e5ac6f-de61-4ea6-90a7-e18327c304c9,banned.delivery,available,2.98,79.98,medium,low,6,namecheap,,,08/08/2026 13:44
0fe0163f-8c08-4277-a488-b5c6328a0a83,miner.delivery,available,2.27,49.88,high,low,5,spaceship,,,29/09/2026 19:40
28460f59-8088-4cda-92db-518bc1a4db23,absorbing.delivery,available,2.98,79.98,high,low,9,namecheap,,,21/09/2026 15:02
b9d032f4-a7bc-491a-b448-85ea55be131a,sunk.delivery,available,2.98,79.98,medium,low,4,namecheap,,,11/09/2026 01:50
d9c94692-11a5-4281-ab51-e1c36cdfe744,iddm.delivery,available,6.75,61.99,medium,low,4,namesilo,,,21/09/2026 06:41
e8edba57-c74b-4055-a229-90ca86150446,straighten.delivery,available,2.98,79.98,high,low,10,namecheap,,,11/09/2026 15:43
2f950e8a-0a19-43f5-a9d0-c529afc56318,competitive.delivery,available,6.75,61.99,high,low,11,namesilo,,,28/09/2026 07:17
22835979-dd86-4689-9077-d2dd425cd6ba,moist.delivery,available,8.99,77.99,high,low,5,name.com,,,13/08/2026 16:43
4c11544a-c04d-44c6-ad3c-9191c3c16106,sweetness.delivery,available,6.75,61.99,high,low,9,namesilo,,,29/09/2026 00:59
096962e8-a0c3-4f81-abe0-7578eaef8e6b,regretted.delivery,available,6.75,61.99,low,low,9,namesilo,,,30/09/2026 23:50
46c5eb11-2355-49ca-8919-cc589be8a9cc,uaw.delivery,available,6.75,61.99,medium,low,3,namesilo,,,29/09/2026 21:51
d09a0a58-8563-4d3c-af1a-5d50032de522,aggressor.delivery,available,6.75,61.99,medium,low,9,namesilo,,,17/09/2026 17:41
8003d912-c7b1-42f3-ae46-4d97b0659928,earned.delivery,available,6.75,61.99,high,low,6,namesilo,,,24/09/2026 12:59
ca845c17-664a-42a9-833e-1db4e13a208a,amicable.delivery,available,2.98,79.98,high,low,8,namecheap,,,22/09/2026 04:19
02fe946f-06d7-4b2c-ae62-f0c815814335,moth.delivery,available,6.5,,high,low,4,unstoppable,,,28/09/2026 19:56
e1bf983e-515a-4258-9ffa-c09d0ab44382,balladeer.delivery,available,6.75,61.99,medium,low,9,namesilo,,,21/09/2026 22:45
873214e8-17b5-436e-80a2-9517f5fb8d43,beachfront.delivery,available,2.98,79.98,high,low,10,namecheap,,,22/09/2026 19:04
782bc0c5-65a6-4daf-97a0-a6128acaf821,fearful.delivery,available,6.75,61.99,medium,low,7,namesilo,,,24/09/2026 01:08
b5786a17-e0e3-4634-a2d4-debd4335d280,andira.delivery,available,6.75,61.99,medium,low,6,namesilo,,,19/09/2026 04:05
52fdae05-f752-44fc-8080-802c072c4e01,leakage.delivery,available,2.27,49.88,high,low,7,spaceship,,,01/10/2026 20:17
fa3a3cfb-cdce-4b0c-bd51-38070addabcc,spiraling.delivery,available,2.98,79.98,medium,low,9,namecheap,,,12/08/2026 16:12
ccf9418b-f5a1-4ac4-a712-2e3e3c32c873,stalls.delivery,available,2.98,79.98,medium,low,6,namecheap,,,10/09/2026 17:59
276214c0-66ba-481e-b4d1-79e397f63254,taupe.delivery,available,2.98,79.98,medium,low,5,namecheap,,,18/08/2026 19:04
17dda84b-4eee-4183-a214-af1a98b4b563,brighter.delivery,available,2.27,49.88,high,low,8,spaceship,,,29/09/2026 10:57
0879cb58-b2e9-48ba-a4ec-3bde0440acd7,stagey.delivery,available,2.98,79.98,medium,low,6,namecheap,,,10/09/2026 18:06
50128e7a-7f53-47b8-8e5f-021d184a526b,musts.delivery,available,2.98,79.98,medium,low,5,namecheap,,,19/09/2026 21:45
83a3aa5b-2372-4970-bb24-3441829f9145,truce.delivery,available,2.98,79.98,high,low,5,namecheap,,,20/09/2026 07:17
e77c84a5-7f1e-455d-9922-a5735e6f58ef,aubergine.delivery,available,2.98,79.98,high,low,9,namecheap,,,21/09/2026 02:33
ab13214e-cfe0-416a-b677-6231e8d082ad,allergen.delivery,available,6.75,61.99,high,low,8,namesilo,,,18/09/2026 10:53
e0fca00f-8bd0-4704-a1de-6f054b343b8c,dappled.delivery,available,8.99,77.99,medium,low,7,name.com,,,13/08/2026 17:39
72aeffdd-02e8-4681-b744-30e4ea833cbf,amenra.delivery,available,2.98,79.98,medium,low,7,namecheap,,,18/09/2026 18:32
d1fbbce2-ae64-4124-9225-cefb63056807,heinrich.delivery,available,6.75,61.99,medium,low,8,namesilo,,,25/09/2026 21:51
76afbc09-a3ad-4a8a-af87-ddc784784d05,grayly.delivery,available,2.98,79.98,low,low,6,namecheap,,,14/09/2026 22:14
87d1d28c-6217-46f5-b729-f365c220fcfe,blossoms.delivery,available,5.15,49.95,medium,low,8,porkbun,,,01/10/2026 16:35
c68a6a0a-c7c6-4e7c-8fc5-5812c65571fa,igm.delivery,available,2.27,49.88,high,low,3,spaceship,,,01/10/2026 02:41
60febf98-f01e-4986-8614-01b6db85f500,noisy.delivery,available,2.98,79.98,high,low,5,namecheap,,,03/09/2026 18:15
ffd8c077-3d1d-4a45-8c97-cd59220f2f95,gag.delivery,available,6.5,,high,low,3,unstoppable,,,29/09/2026 20:25
0604a30a-b85f-4f8e-a533-43358843075d,chunks.delivery,available,2.98,79.98,medium,low,6,namecheap,,,18/09/2026 14:56
69988c23-d7a1-4ffc-a98f-87132654034b,acerate.delivery,available,2.98,79.98,medium,low,7,namecheap,,,
85d3810e-eacd-4d65-b0c0-62377575d509,nfc.delivery,available,48.2,48.2,high,low,3,cloudflare,,,29/09/2026 09:52
ad37dc18-b912-44ea-b7ad-3e70a49aacb6,raines.delivery,available,5.03,51.58,high,low,6,dynadot,,,01/10/2026 10:16
f50c26d3-8873-49fb-9d4d-f62a925414c4,allomorph.delivery,available,6.75,61.99,medium,low,9,namesilo,,,18/09/2026 11:59
f65690c8-4088-44e1-895c-cfb63597cee4,uncomfortable.delivery,available,6.75,61.99,medium,low,13,namesilo,,,26/09/2026 00:44
e149473c-3211-4e90-a22a-951a86972a28,hana.delivery,available,6.5,,high,low,4,unstoppable,,,29/09/2026 22:11
a0d74141-8a7d-4744-b206-f3b42a1a5c93,alacritous.delivery,available,2.98,79.98,high,low,10,namecheap,,,
ee4b47c4-e71a-4cb4-946d-91c99b6cf0af,campaigns.delivery,available,2.27,49.88,medium,low,9,spaceship,,,30/09/2026 14:57
b01951fd-b031-494c-9875-bc9ccc03110c,gizmo.delivery,available,6.75,61.99,high,low,5,namesilo,,,19/09/2026 21:49
ee41f1e3-b810-48b7-bb13-ae747becbd51,packer.delivery,available,6.75,61.99,high,low,6,namesilo,,,21/09/2026 15:45
35e247b9-a92a-4805-84e2-ae0ddfe4b6e4,wesleyan.delivery,available,2.98,79.98,high,low,8,namecheap,,,24/08/2026 22:00
1bebbe88-61bb-433e-9928-11ef1e2e02cb,fortnight.delivery,available,48.2,48.2,high,low,9,cloudflare,,,02/10/2026 04:55
55953d7f-1283-4413-ada0-1eb209a65ef9,usages.delivery,available,48.2,48.2,low,low,6,cloudflare,,,29/09/2026 05:10
38eed1c4-4892-46c9-b515-dd5e589ffac4,unionized.delivery,available,2.98,79.98,medium,low,9,namecheap,,,03/09/2026 19:29
19344d5e-6c5a-4b2f-b863-f4018a00b53c,sagacious.delivery,available,2.98,79.98,high,low,9,namecheap,,,08/09/2026 18:02
c9580122-509e-47f9-b8fc-93e41b72777c,gesture.delivery,available,48.2,48.2,high,low,7,cloudflare,,,27/09/2026 13:44
d9d3ae6b-e27f-4a86-b300-a26b4a3dd0a8,shaft.delivery,available,6.75,61.99,high,low,5,namesilo,,,29/09/2026 01:04
b70122aa-392f-45c3-989f-0b3974f3d019,bezique.delivery,available,6.75,61.99,medium,low,7,namesilo,,,23/09/2026 12:24
2620e2d5-7828-4898-82ac-f06cdb94c11e,stationary.delivery,available,2.98,79.98,high,low,10,namecheap,,,10/09/2026 19:12
11e58e6d-4e36-4020-b4da-45f36e8200b3,towards.delivery,available,6.5,,high,low,7,unstoppable,,,01/10/2026 19:05
9a3df9b4-2db0-4d37-a3ea-6edbd2204c66,glances.delivery,available,8.99,77.99,medium,low,7,name.com,,,18/09/2026 02:11
2b7d4495-881f-4646-b5c2-ff55c16d25ee,mindful.delivery,available,2.98,79.98,high,low,7,namecheap,,,24/08/2026 23:36
b8c5dac4-db6a-4a6d-89cd-4db6cce2ec78,newer.delivery,available,2.98,79.98,medium,low,5,namecheap,,,18/09/2026 15:53
25f1842c-98cd-4d88-8c3b-1e3888c98267,sullen.delivery,available,2.98,79.98,medium,low,6,namecheap,,,20/08/2026 15:06
df19e625-a0f2-4b7e-a661-3f1cdab90788,loco.delivery,available,2.98,79.98,high,low,4,namecheap,,,06/08/2026 21:13
2fdca002-3c6f-4685-a23a-1967ac8cb25b,beaker.delivery,available,2.98,79.98,high,low,6,namecheap,,,22/09/2026 19:45
aa2fb4b7-8446-4ffe-b63b-1d4e0d82e5c8,anymore.delivery,available,6.5,,medium,low,7,unstoppable,,,28/09/2026 12:15
bac551fd-9927-4239-82f8-66a1c58f4316,felicitous.delivery,available,2.98,79.98,high,low,10,namecheap,,,18/08/2026 00:51
fc87a88f-58fa-4b00-9b86-958931623b3b,immortal.delivery,available,2.98,79.98,high,low,8,namecheap,,,21/08/2026 21:12
d45aa0a0-001a-4fc3-91ae-81bbb221eb40,fivefold.delivery,available,2.98,79.98,medium,low,8,namecheap,,,18/08/2026 05:56
71e44442-83c1-422d-bf95-06e018af354c,outrageous.delivery,available,2.98,79.98,medium,low,10,namecheap,,,17/08/2026 17:38
854abe3f-3532-4699-a1f4-5976cffae90a,guanajuato.delivery,available,2.27,49.88,high,low,10,spaceship,,,01/10/2026 09:14
13bd1a76-9567-4baa-a749-0953f98a862f,alger.delivery,available,6.75,61.99,medium,low,5,namesilo,,,18/09/2026 06:56
1dc7cc3d-5c80-4405-8fb3-6a411a8b1a64,gracie.delivery,available,6.75,61.99,high,low,6,namesilo,,,18/09/2026 10:48
ecb81e1e-50ce-4e88-b03a-9fbcf02a65a1,enraptured.delivery,available,2.98,79.98,high,low,10,namecheap,,,14/08/2026 23:46
6e0716c3-af7a-458b-90dc-b4bda063e29f,organise.delivery,available,6.75,61.99,high,low,8,namesilo,,,23/09/2026 23:21
1e5f4b78-1878-488d-8567-fd670921e60c,fittest.delivery,available,6.75,61.99,medium,low,7,namesilo,,,18/09/2026 04:12
3d12d5cd-e73d-420f-b093-ec3a28a84ac0,annelid.delivery,available,2.98,79.98,medium,low,7,namecheap,,,
a7fb0a68-eb30-474b-b0aa-29edb3583af1,strictly.delivery,available,2.98,79.98,medium,low,8,namecheap,,,15/09/2026 22:03
53ed79c7-52d4-4b82-aaf3-95c587253678,demosthenes.delivery,available,6.75,61.99,medium,low,11,namesilo,,,01/10/2026 09:49
14ad2af9-85e6-454e-b239-d5b81f3720c7,podium.delivery,available,6.75,61.99,high,low,6,namesilo,,,18/09/2026 17:13
df290572-0ea2-4240-8535-9eeb6755e687,prose.delivery,available,5.03,51.58,high,low,5,dynadot,,,30/09/2026 07:46
53843063-1155-42d0-95e6-523933775a54,congressional.delivery,available,6.5,,medium,low,13,unstoppable,,,29/09/2026 09:00
349ed23e-2e0a-4b17-90f6-0a5ecee144d1,dogtooth.delivery,available,2.98,79.98,medium,low,8,namecheap,,,11/08/2026 17:01
8366d5cf-1816-43c2-bcbf-763b3b6a73fd,ineptitude.delivery,available,6.75,61.99,medium,low,10,namesilo,,,21/09/2026 10:06
fbda6c7f-3305-41b4-a987-45648cdd2d3a,fugal.delivery,available,2.98,79.98,medium,low,5,namecheap,,,18/08/2026 17:38
32e40211-fcc0-4c2f-b3cd-ed4f4651068d,killian.delivery,available,5.03,51.58,medium,low,7,dynadot,,,02/10/2026 00:13
30ffb0d5-b1c6-4fb9-9c5a-8d9a4bc63b3b,beshrew.delivery,available,8.99,77.99,medium,low,7,name.com,,,13/08/2026 16:19
8f982a31-5668-4c09-a6a5-8bb44ad5013c,vinegar.delivery,available,48.2,48.2,high,low,7,cloudflare,,,29/09/2026 08:17
6e5804b1-bc07-4e0c-b8d9-1f9c546c0ca6,boycott.delivery,available,6.75,61.99,medium,low,7,namesilo,,,24/09/2026 07:48
3ba9de4a-65e2-4ebc-bbdf-ab97f1fcdf1b,bpi.delivery,available,6.75,61.99,high,low,3,namesilo,,,23/09/2026 22:46
e9e11920-f816-47eb-8439-89ddaf3b9cf1,actium.delivery,available,6.75,61.99,medium,low,6,namesilo,,,17/09/2026 05:08
9577aeaf-ea9d-4efe-b865-9dd60539e85e,recycling.delivery,available,2.27,49.88,high,low,9,spaceship,,,28/09/2026 20:17
0f90327e-8ea4-4b87-9b0d-ef9cd01872e3,lightly.delivery,available,6.75,61.99,high,low,7,namesilo,,,25/09/2026 13:36
b4779f90-4e80-4d56-a742-45214d59d165,vincennes.delivery,available,2.27,49.88,medium,low,9,spaceship,,,28/09/2026 22:26
8844badc-bac1-4726-8a43-86791bcb46ca,oxfam.delivery,available,8.99,,high,low,5,name.com,,,
b9fdca83-60c3-4a1d-bd6d-ad42e5d3a997,fearsome.delivery,available,2.98,79.98,medium,low,8,namecheap,,,14/08/2026 08:55
a988ff46-8fe0-4735-905f-7031b0d5f273,trans.delivery,premium,242,242,high,low,5,namesilo,,,30/09/2026 03:32
9d74eeb4-5e29-4f6f-8901-594724fa360c,canvasback.delivery,available,2.98,79.98,medium,low,10,namecheap,,,21/09/2026 10:51
ff3f5317-cb04-4c35-beb7-2385b9500027,benzoin.delivery,available,2.98,79.98,medium,low,7,namecheap,,,20/09/2026 12:33
8e4c09b6-9c9e-4a68-bdc4-8c2fde85c9d4,slavish.delivery,available,2.98,79.98,medium,low,7,namecheap,,,10/09/2026 10:38
cef20123-7b14-4333-bad6-48b74e1ee701,alderman.delivery,available,6.75,61.99,medium,low,8,namesilo,,,18/09/2026 04:34
6270b372-25c9-4124-ba7f-613d78d102ea,unlabelled.delivery,available,2.98,79.98,medium,low,10,namecheap,,,12/09/2026 14:33
de46666d-0895-4407-93d6-f6289a9d32a7,impaired.delivery,available,2.98,79.98,medium,low,8,namecheap,,,21/08/2026 21:40
530ff811-be29-4c05-91b9-2d0105851e4b,competitions.delivery,available,6.5,,medium,low,12,unstoppable,,,01/10/2026 18:30
51fac2fb-1569-4686-b51d-690cc9d1014d,bitok.delivery,available,2.98,79.98,medium,low,5,namecheap,,,23/09/2026 22:40
f5ec9a12-1810-4000-bd2b-ed3c32169cdd,ldopa.delivery,available,6.75,61.99,medium,low,6,namesilo,,,23/09/2026 07:45
409753be-9431-4b08-bf7b-7e6be2036a34,seraphical.delivery,available,2.98,79.98,medium,low,10,namecheap,,,10/09/2026 04:31
ec7f1729-190b-4238-82c0-b6e1db8ce118,inverted.delivery,available,2.98,79.98,medium,low,8,namecheap,,,
6df57fc8-7c9a-4008-8878-2cf22b7cbdf4,bunchy.delivery,available,2.98,79.98,medium,low,6,namecheap,,,11/08/2026 09:55
a436ce04-e38c-48db-9c1a-9abe9d2c4693,laurens.delivery,available,48.2,48.2,high,low,7,cloudflare,,,29/09/2026 07:10
7952042c-7ea9-4ccd-b3c8-f48ddebee361,pens.delivery,available,6.75,61.99,medium,low,4,namesilo,,,20/09/2026 04:15
d0e8b6a1-4b2e-4d23-bff9-7dfd007666c9,bok.delivery,available,2.27,49.88,high,low,3,spaceship,,,30/09/2026 19:18
180437bc-1f03-4a37-a418-39b05fb23810,darlington.delivery,available,6.75,61.99,high,low,10,namesilo,,,27/09/2026 06:24
4543777f-5941-4027-a08e-186618fdc1ea,trough.delivery,available,6.5,,high,low,6,unstoppable,,,30/09/2026 17:31
a9f4f128-693d-4dc7-b45f-0b2095b250a6,designedly.delivery,available,2.98,79.98,medium,low,10,namecheap,,,13/09/2026 17:33
cf286d99-7d66-4a24-97fd-bda519e7fa4f,activator.delivery,available,6.75,61.99,high,low,9,namesilo,,,17/09/2026 05:10
3f82375e-c664-48da-9c47-1ae9330d85fe,venerating.delivery,available,2.98,79.98,high,low,10,namecheap,,,09/09/2026 16:09
801ec025-cc8d-4cee-907e-502dab355be4,weighed.delivery,available,6.75,61.99,medium,low,7,namesilo,,,28/09/2026 12:31
1b10c86f-0d98-4906-b749-d29d2d6394af,kooky.delivery,available,2.98,79.98,medium,low,5,namecheap,,,06/08/2026 21:04
2bd04dd9-be25-4eda-9434-50c2ddc2cb9c,unplanned.delivery,available,2.98,79.98,medium,low,9,namecheap,,,12/09/2026 16:51
c68f38c3-e1d0-44e1-a854-10389715a208,rae.delivery,available,6.75,61.99,medium,low,3,namesilo,,,27/09/2026 01:43
2fede49d-959b-4ef3-b0a6-6a2b676ff794,freddie.delivery,available,2.98,79.98,high,low,7,namecheap,,,26/09/2026 03:15
b2b1daad-725e-4d73-9ef1-a51b2db737da,community.delivery,available,8.99,,high,medium,9,name.com,,,
a3a3e288-3ded-4b2c-bcea-b996bda1897d,bessie.delivery,available,6.75,61.99,medium,low,6,namesilo,,,28/09/2026 03:55
0f0ecae6-a3a4-4719-a8e6-2c978b3e5593,evidently.delivery,available,2.98,79.98,high,low,9,namecheap,,,08/09/2026 20:21
3551040a-ce5a-49e4-a23e-711900d61027,mackey.delivery,available,48.2,48.2,medium,low,6,cloudflare,,,29/09/2026 04:38
f20c446b-e96d-44b4-ab5f-9351b3de3e72,evenly.delivery,available,2.98,79.98,medium,low,6,namecheap,,,14/09/2026 16:30
d2107e61-9c04-4e0d-b593-7bd7550c1791,catch.delivery,available,2.98,79.98,high,low,5,namecheap,,,28/09/2026 22:15
4e67dbe3-dbb7-444f-82e0-12517625aef5,uhf.delivery,available,6.75,61.99,high,low,3,namesilo,,,26/09/2026 00:28
2e3c612b-eea4-4bb4-a8b7-5de868dd9c8d,american.delivery,premium,78.54,78.54,high,low,8,namesilo,,,22/09/2026 04:09
2179fb47-416d-4925-9e4e-7c3149115f66,catholicism.delivery,available,6.75,61.99,high,low,11,namesilo,,,17/09/2026 00:07
bb425525-4d02-4382-b1cd-1a1df4bf7f25,speechless.delivery,available,6.75,61.99,medium,low,10,namesilo,,,19/09/2026 16:52
e1dc5012-0071-4b5b-bf21-2f214700ec00,tumbling.delivery,available,6.75,61.99,high,low,8,namesilo,,,17/09/2026 03:22
b4238b66-e4dc-4ca0-9ce0-ba54e6cba2a8,meter.delivery,available,6.75,61.99,high,low,5,namesilo,,,25/09/2026 15:55
b09230fc-a0e9-43bf-8f39-aadef5c3e17d,rewards.delivery,available,48.2,48.2,high,low,7,cloudflare,,,28/09/2026 08:14
a10fb27f-a72b-4f35-816c-69f278d6bc89,herr.delivery,available,6.75,61.99,medium,low,4,namesilo,,,28/09/2026 10:03
ef21a04c-2ead-49b4-9251-1f263f2223bf,ambiance.delivery,available,6.75,61.99,high,low,8,namesilo,,,18/09/2026 16:40
91ae0866-7106-4055-b82e-735da3d62f6b,number.delivery,available,6.75,61.99,high,low,6,namesilo,,,25/09/2026 23:29
baefc4e4-423f-4c09-848b-823da2a78e6d,chittagong.delivery,available,6.75,61.99,high,low,10,namesilo,,,30/09/2026 16:42
90031d07-e699-4831-8d1d-508448203621,fall.delivery,premium,118.8,118.8,high,low,4,namesilo,,,28/09/2026 09:35
5d540809-225f-4e28-b174-6d47f2149e88,leukaemia.delivery,available,6.75,61.99,medium,low,9,namesilo,,,24/09/2026 11:59
32bd2228-425f-4d48-9411-b00fdaf818e6,destroys.delivery,available,6.75,61.99,low,low,8,namesilo,,,29/09/2026 05:36
178b4010-efdc-4fec-a122-7729b60deb6f,aisle.delivery,available,6.75,61.99,high,low,5,namesilo,,,17/09/2026 23:28
5597df74-752f-47e1-b066-50650793227d,scoff.delivery,available,2.98,79.98,medium,low,5,namecheap,,,22/08/2026 12:41
c15e5fb4-88dd-4eba-850a-a89a16f3f353,asdic.delivery,available,6.75,61.99,medium,low,5,namesilo,,,20/09/2026 13:30
80c67ab5-1e43-4afa-a4e3-0d078b54b350,brilliant.delivery,available,6.75,61.99,high,low,9,namesilo,,,23/09/2026 02:12
b6ca1fc6-d2a1-4e34-8daf-4fd46e588999,acceptable.delivery,available,6.75,61.99,high,low,10,namesilo,,,21/09/2026 15:23
cdc3c3b7-e9a6-4c8f-aab8-ecbca021861e,bentwood.delivery,available,6.75,61.99,medium,low,8,namesilo,,,23/09/2026 08:47
ba8cf3bb-896c-427b-9763-2e54e344cef7,buff.delivery,available,2.98,79.98,high,low,4,namecheap,,,11/08/2026 07:48
76d97d14-a2e8-4387-98a7-65940724f7e6,lowland.delivery,available,2.98,79.98,high,low,7,namecheap,,,24/08/2026 10:48
95a952a1-1c59-4baf-9243-24001839f1be,muffle.delivery,available,8.99,77.99,medium,low,6,name.com,,,13/08/2026 16:49
5a339efa-ef7e-45f8-9860-40ada0393621,irkutsk.delivery,available,6.75,61.99,medium,low,7,namesilo,,,01/10/2026 09:48
486f9ad4-da5d-46c2-96e6-be6c028482e9,stumbling.delivery,available,6.75,61.99,medium,low,9,namesilo,,,30/09/2026 19:50
fb0c0b71-11bd-4ecf-9561-62060086dd17,vapid.delivery,available,2.98,79.98,medium,low,5,namecheap,,,10/08/2026 13:04
862e8247-c535-4919-af88-104bf9ac5563,chopped.delivery,available,2.98,79.98,high,low,7,namecheap,,,12/08/2026 06:57
a1106e9e-5024-420b-99a7-fd4fb289bb19,outlandish.delivery,available,2.98,79.98,medium,low,10,namecheap,,,10/08/2026 10:37
3e2f98de-cdb7-4bdf-8ed0-6b83c6deaf5a,justification.delivery,available,8.99,,medium,low,13,name.com,,,
14fa3d34-6be0-4a1c-8992-24416d06006f,civilized.delivery,available,2.98,79.98,high,low,9,namecheap,,,12/08/2026 09:06
372a3b61-3da9-4a24-a1b4-1042c520dba2,verdict.delivery,available,6.75,61.99,high,low,7,namesilo,,,27/09/2026 03:56
7e983296-5be4-4491-a7bd-fb22f6f0a189,ritchie.delivery,available,6.75,61.99,high,low,7,namesilo,,,25/09/2026 16:00
52e7e369-2ab3-4e25-b01d-e6cb1e5ba8e1,dynamics.delivery,available,6.75,61.99,high,low,8,namesilo,,,29/09/2026 12:07
eb16cb25-31fd-474e-a35b-5b088846b43a,peralta.delivery,available,2.27,49.88,medium,low,7,spaceship,,,01/10/2026 17:33
86f8f6e4-dc92-430a-806c-1c2fb6e34805,rollover.delivery,available,6.75,61.99,high,low,9,namesilo,,,16/09/2026 17:22
b067224f-4ab3-422e-bc30-7aa37f59b247,diagnosis.delivery,available,5.15,49.95,high,low,9,porkbun,,,01/10/2026 22:09
3bbe6b05-fa76-4b75-a540-6b49dcd8618b,reject.delivery,available,8.99,77.99,high,low,6,name.com,,,24/09/2026 20:15
32770f6d-8488-4c45-9739-4937623a6874,ramona.delivery,available,5.03,51.58,high,low,6,dynadot,,,29/09/2026 11:56
5c393b9d-58a2-4d60-be50-0d4d63b879e9,diddle.delivery,available,2.98,79.98,medium,low,6,namecheap,,,14/09/2026 07:58
5f8351e1-5c57-4eae-90e6-8cf1291d80e3,vat.delivery,available,2.98,79.98,high,low,3,namecheap,,,17/09/2026 05:53
93610e63-88bd-4c27-8f17-f54d8b4a8c86,coyote.delivery,available,2.27,49.88,high,low,6,spaceship,,,28/09/2026 13:37
ff9f2fa0-bc85-4348-9fab-a6cf2773544f,diss.delivery,available,2.98,79.98,medium,low,4,namecheap,,,17/09/2026 14:55
0f3619ed-9f7c-4b79-83ca-0dee7f295dc4,genotype.delivery,available,2.27,49.88,high,low,8,spaceship,,,01/10/2026 19:43
4d37bcd3-5c80-457e-a658-024245bc4fbb,elsa.delivery,available,2.27,49.88,high,low,4,spaceship,,,28/09/2026 08:37
46ebcd6c-ae6f-422b-a967-c71594fe184f,nonfinite.delivery,available,2.98,79.98,medium,low,10,namecheap,,,03/09/2026 18:26
cf57c6b8-a890-4219-95e3-645a8f2b103a,capacious.delivery,available,2.98,79.98,medium,low,9,namecheap,,,11/08/2026 17:47
63bd45bf-3dd8-489d-ad25-2f6bf6075965,illusive.delivery,available,2.98,79.98,medium,low,8,namecheap,,,21/08/2026 20:13
3aa188d4-7e72-4ff2-9474-97ab72c5fe17,taft.delivery,available,2.27,49.88,high,low,4,spaceship,,,29/09/2026 07:29
acfce519-7e3f-455a-8ac5-b43e8e8df7de,faceted.delivery,available,2.98,79.98,medium,low,7,namecheap,,,17/08/2026 20:24
d0221cdc-5406-4146-bfe4-3ebd8a2e96b9,felicity.delivery,available,6.75,61.99,high,low,8,namesilo,,,29/09/2026 12:15
171a26df-35c1-426e-9c5e-ceccd3a861c9,bosnian.delivery,available,2.98,79.98,high,low,7,namecheap,,,10/08/2026 20:21
f9864bdf-ad74-485f-9f42-937038c94edc,exceptional.delivery,available,6.75,61.99,high,low,11,namesilo,,,28/09/2026 11:15
b0db9a8e-185f-43b5-8736-ebcd139844d8,trounce.delivery,available,2.98,79.98,medium,low,7,namecheap,,,09/08/2026 05:27
1cdc2e22-a4fa-4b61-9d64-ba19b9032e36,modal.delivery,available,2.98,79.98,high,low,5,namecheap,,,25/09/2026 21:10
8934e9f3-9667-44d1-9de7-279c8540805b,peachy.delivery,available,2.98,79.98,high,low,6,namecheap,,,08/08/2026 12:41
08a22779-18f3-4353-993e-29dcb901206f,humorous.delivery,available,6.75,61.99,high,low,8,namesilo,,,25/09/2026 06:35
0f577735-4516-4ab6-b336-d7b1c594c25a,arrives.delivery,available,6.75,61.99,medium,low,7,namesilo,,,20/09/2026 01:05
993a1ad2-27dd-4ea3-88af-22385ff78a55,gastric.delivery,available,2.98,79.98,medium,low,7,namecheap,,,18/08/2026 20:32
8aad61ef-7bd7-4b49-9453-93643dec1dfd,disgusted.delivery,available,2.98,79.98,medium,low,9,namecheap,,,14/08/2026 10:30
b9127ac0-c569-40c0-9757-6e40c96f711a,frick.delivery,available,2.98,79.98,medium,low,5,namecheap,,,29/09/2026 01:01
e74ffc3a-ea96-4d3e-b07e-2e9c226f8b2d,expressly.delivery,available,2.98,79.98,medium,low,9,namecheap,,,14/09/2026 17:09
d4fea8db-ce95-400b-9ca8-45ce8df6cb6e,concerned.delivery,available,2.98,79.98,high,low,9,namecheap,,,23/09/2026 18:58
0b6f51fa-0d54-48d6-86cd-9d4de9961b54,ballyrag.delivery,available,2.98,79.98,medium,low,8,namecheap,,,11/08/2026 08:57
c5b23d67-254c-46cb-b3ed-354c468e155a,microscope.delivery,available,2.27,49.88,high,low,10,spaceship,,,28/09/2026 19:53
b812eb65-51c6-4058-a6a1-08ec8a286545,congratulations.delivery,available,8.99,,high,low,15,name.com,,,
e41c41b6-75fa-458e-9d34-1151bb4656e8,bayern.delivery,available,2.27,49.88,high,low,6,spaceship,,,30/09/2026 23:25
9c6e0076-fb08-4f50-b515-70a6c99b5329,influences.delivery,available,48.2,48.2,medium,low,10,cloudflare,,,30/09/2026 07:02
b6052f32-c77d-4640-8518-08be9df35623,bribes.delivery,available,6.5,,low,low,6,unstoppable,,,01/10/2026 00:36
add7cb88-7411-473a-886a-c15d9d8370a4,potbelly.delivery,available,6.75,61.99,medium,low,8,namesilo,,,22/09/2026 17:43
2624c530-b0ab-4a23-b66d-97ce379a6d4e,edifying.delivery,available,2.98,79.98,high,low,8,namecheap,,,15/08/2026 10:17
96e71d33-99a6-4cf2-b39b-a4bfcfef5e23,sheba.delivery,available,6.75,61.99,medium,low,5,namesilo,,,01/10/2026 10:07
ba99fe0a-8f93-4039-b6b0-ddd4435fa396,mahayana.delivery,available,2.27,49.88,medium,low,8,spaceship,,,01/10/2026 02:57
2cff34ba-f31a-49e6-b1a7-ced87d70cb94,pondered.delivery,available,6.75,61.99,medium,low,8,namesilo,,,18/09/2026 02:08
f225f0f1-cec2-4b33-84e9-d6cde0c3ddfb,aas.delivery,available,6.75,61.99,high,low,3,namesilo,,,16/09/2026 13:41
cedf84e5-91c7-47e0-b4ea-8fdc4b4b70c5,interviewing.delivery,available,2.27,49.88,medium,low,12,spaceship,,,29/09/2026 11:14
8cfae7d2-6efa-4057-8123-0e50c98b5299,telly.delivery,available,2.98,79.98,high,low,5,namecheap,,,24/09/2026 06:44
df33ff78-0795-43db-8dae-adea00a3e9f4,automobiles.delivery,available,2.98,79.98,high,low,11,namecheap,,,17/09/2026 22:53
ec62f3b7-ccbd-446f-afda-35efb44700b7,remaining.delivery,available,2.98,79.98,high,low,9,namecheap,,,22/08/2026 22:43
0661ad8d-1f57-4172-a38e-11accb5ec3a1,scupper.delivery,available,6.75,61.99,high,low,7,namesilo,,,18/09/2026 17:30
5333fd2d-79aa-463d-ad26-eff47fe76c1f,hare.delivery,available,6.75,61.99,medium,low,4,namesilo,,,29/09/2026 01:14
9d68398f-cd75-42d0-91fe-404fda38724f,deals.delivery,premium,78.54,78.54,high,low,5,namesilo,,,27/09/2026 10:04
f46ca61d-cb16-45bd-9197-b9ccf8d7146f,laureate.delivery,available,2.98,79.98,high,low,8,namecheap,,,22/08/2026 20:57
0fbd1e09-3819-4d0f-a383-addc0386789d,bismuth.delivery,available,6.75,61.99,high,low,7,namesilo,,,20/09/2026 23:53
89a28a7b-d4ba-41eb-b7de-1839566a4555,unguarded.delivery,available,2.98,79.98,medium,low,9,namecheap,,,12/09/2026 11:39
5937f0f9-1d81-4275-87c3-f2b74090cfbc,mandatory.delivery,available,2.98,79.98,high,low,9,namecheap,,,23/09/2026 18:22
3ec8f1da-2621-48a2-8edf-2157024ac1f6,plantation.delivery,available,5.03,51.58,high,low,10,dynadot,,,28/09/2026 06:31
fc1d3eac-0514-4a13-a46d-71504fa104d6,holiday.delivery,premium,118.8,118.8,high,low,7,namesilo,,,29/09/2026 22:56
2b11949a-3eec-4eca-8bd3-ccb8469caa08,balas.delivery,available,2.98,79.98,medium,low,5,namecheap,,,21/09/2026 21:07
89254fcd-8b8f-4751-a590-ef66baf51fc2,esp.delivery,available,6.75,61.99,high,low,3,namesilo,,,24/09/2026 15:12
4d0134e1-81e4-46cc-9738-2ec89c6254a0,unstable.delivery,available,2.98,79.98,high,low,8,namecheap,,,18/08/2026 09:17
c0572e75-eecd-4c04-9439-bc18878e39ad,cows.delivery,available,5.15,49.95,high,low,4,porkbun,,,29/09/2026 03:44
d9d2c896-5545-4637-badb-01b52536dabb,berkelium.delivery,available,2.98,79.98,medium,low,9,namecheap,,,21/09/2026 00:14
d9ff11f9-1c00-4927-b297-672acab2b4b0,keno.delivery,available,6.75,61.99,high,low,4,namesilo,,,22/09/2026 20:42
01f90a45-be5b-47c7-8556-b8216108c9e5,heed.delivery,available,2.98,79.98,high,low,4,namecheap,,,08/09/2026 10:58
98c5b0df-b1c4-4ac9-bdbc-9b38179c0812,ariadne.delivery,available,6.75,61.99,high,low,7,namesilo,,,20/09/2026 05:09
90159656-2dd9-49bb-b2a8-4f7236dfd4b0,danielle.delivery,available,2.98,79.98,medium,low,8,namecheap,,,28/09/2026 08:28
5ce6ef89-fe68-47d3-8e34-317ca1f30ec3,beefburger.delivery,available,6.75,61.99,high,low,10,namesilo,,,23/09/2026 01:04
4ef361e4-976e-4aaa-b80d-d65f6c1c27dc,sorted.delivery,available,2.98,79.98,high,low,6,namecheap,,,20/08/2026 20:24
adaa19a2-66df-477a-9fa8-37182760f0be,isu.delivery,available,48.2,48.2,high,low,3,cloudflare,,,29/09/2026 21:42
7d5a27f5-7005-4029-a4e8-7bc9ebbd5f2c,ovate.delivery,available,2.98,79.98,medium,low,5,namecheap,,,15/08/2026 18:03
26bd6633-e66c-42bb-a296-503d13f6c661,mercenary.delivery,available,2.98,79.98,high,low,9,namecheap,,,24/08/2026 17:14
04c44055-1ca7-4e98-ba50-44f5b54ed398,indium.delivery,available,6.75,61.99,medium,low,6,namesilo,,,20/09/2026 23:11
129b74d5-c2c0-4f1f-ba4d-a2d78e4e4083,unite.delivery,available,6.75,61.99,high,low,5,namesilo,,,24/09/2026 16:23
1b1c2e6d-7b6a-4ea9-8631-6ad191ce0e2e,pintail.delivery,available,6.75,61.99,medium,low,7,namesilo,,,19/09/2026 02:52
51d160b6-b568-4be2-8074-aa1f4d8296c2,expanded.delivery,available,2.98,79.98,high,low,8,namecheap,,,17/08/2026 17:57
cc53c1c4-0a66-4f75-917a-3a0213ed0628,collaboration.delivery,available,2.98,79.98,high,low,13,namecheap,,,29/09/2026 10:30
aebd8790-2825-412e-bfc0-3110b902cb94,reverend.delivery,available,2.98,79.98,high,low,8,namecheap,,,09/09/2026 16:06
a2ebc931-e9ba-4dce-8de4-da54cce921c2,cookies.delivery,premium,102.67,102.67,high,low,7,spaceship,,,27/09/2026 23:29
dc00e43d-35fe-45be-9b46-21de5fd95051,converges.delivery,available,48.2,48.2,medium,low,9,cloudflare,,,29/09/2026 11:40
b259d4af-6d73-4773-be10-6262be7f11cb,electrode.delivery,available,6.5,,high,low,9,unstoppable,,,01/10/2026 19:23
48b61ce2-269c-407c-a4cc-1ed0ffc92cbd,inspected.delivery,available,6.75,61.99,medium,low,9,namesilo,,,01/10/2026 16:29
7038485c-3b78-4782-8d70-e4a08ed0633f,waddington.delivery,available,2.27,49.88,medium,low,10,spaceship,,,01/10/2026 11:02
f9e01e22-0861-4e21-a4ab-acaee5b067a5,conga.delivery,available,6.75,61.99,high,low,5,namesilo,,,24/09/2026 17:17
4e1dd39a-f57c-4403-adcd-0823cf4e68ed,looseleaf.delivery,available,2.98,79.98,medium,low,9,namecheap,,,24/08/2026 09:43
71ed188e-da4c-4b2e-9130-0f9161356ae0,mundane.delivery,available,2.98,79.98,high,low,7,namecheap,,,17/08/2026 14:55
45f62e29-319e-4ad2-ab88-9ad2ab98e2ab,covalent.delivery,available,2.98,79.98,high,low,8,namecheap,,,13/08/2026 04:03
743830dc-8a6f-48e7-adbc-e2ae50329ccb,lief.delivery,available,2.98,79.98,medium,low,4,namecheap,,,17/08/2026 20:49
b6dedd66-ac48-4592-befe-8505748ebed6,soothes.delivery,available,6.75,61.99,medium,low,7,namesilo,,,20/09/2026 05:20
852c402f-208f-46f2-a69c-670df0e234c8,synonymous.delivery,available,2.98,79.98,high,low,10,namecheap,,,11/09/2026 06:31
67fa3ae2-d6f2-484d-9d7f-05d62277e74b,corpulence.delivery,available,2.98,79.98,medium,low,10,namecheap,,,04/09/2026 22:00
0eacc660-b1d6-4678-a519-a138043564f8,coworker.delivery,available,2.98,79.98,high,low,9,namecheap,,,24/09/2026 16:09
2b08d9db-0608-4e8d-bd89-11492c67e6a2,aimlessly.delivery,available,2.98,79.98,medium,low,9,namecheap,,,13/09/2026 18:28
78756aa6-10f8-4da5-9643-3aafd236d38b,didactic.delivery,available,2.98,79.98,high,low,8,namecheap,,,14/08/2026 06:41
f4a261a3-f2c9-4021-a8d8-22522eb54e4d,females.delivery,available,2.98,79.98,medium,low,7,namecheap,,,18/09/2026 19:27
0221c9be-bae4-4a50-9a8a-18011877c382,squarish.delivery,available,2.98,79.98,medium,low,8,namecheap,,,10/09/2026 17:29
c7f67c75-d8fd-4bc2-9ff3-9ee53b946d10,bled.delivery,available,48.2,48.2,high,low,4,cloudflare,,,30/09/2026 03:16
bef73023-433f-499d-a250-bd404a2fd880,boston.delivery,premium,207.2,207.2,high,low,6,spaceship,,,29/09/2026 01:41
77935619-02fa-4f83-b9c1-9759795ecfb1,acquainted.delivery,available,48.2,48.2,high,low,10,cloudflare,,,28/09/2026 07:02
1dc072f0-7c55-4267-819c-231a41e718d8,ascetic.delivery,available,2.98,79.98,medium,low,7,namecheap,,,07/08/2026 00:56
dcd8de43-a71c-4f9e-b103-e9b978477db3,bader.delivery,available,2.27,49.88,high,low,5,spaceship,,,29/09/2026 21:34
f4f00dc8-8735-4a56-9f31-0dfeef066977,asura.delivery,available,2.98,79.98,medium,low,5,namecheap,,,20/09/2026 18:26
1107e92a-7ab2-40cb-bffa-3b997f207b56,condign.delivery,available,2.98,79.98,medium,low,7,namecheap,,,12/08/2026 20:26
6d5effdb-af95-4e43-9f3c-a4e3571ffdc6,remained.delivery,available,6.75,61.99,medium,low,8,namesilo,,,18/09/2026 11:23
1a9821ac-af63-4ca3-9026-671791debaba,resurrected.delivery,available,6.75,61.99,medium,low,11,namesilo,,,02/10/2026 02:52
2f71cd50-2ab6-42aa-8990-a1b613555932,tangy.delivery,available,2.98,79.98,high,low,5,namecheap,,,22/08/2026 23:32
ee402b7c-b2cc-4920-ae06-a83e0750074d,anvers.delivery,available,2.98,79.98,medium,low,6,namecheap,,,19/09/2026 15:49
4e96d69e-351d-4990-bd39-d815f908da52,thallium.delivery,available,6.75,61.99,medium,low,8,namesilo,,,20/09/2026 23:51
530c66a1-4390-4904-9cae-2a75475cefb0,dirty.delivery,available,6.75,61.99,high,low,5,namesilo,,,23/09/2026 21:45
005b04fb-c834-4612-bc7a-3c99f86ba504,clinically.delivery,available,48.2,48.2,medium,low,10,cloudflare,,,28/09/2026 13:58
49d323e3-8020-4138-8c7a-0e75672978f6,loses.delivery,available,6.75,61.99,medium,low,5,namesilo,,,27/09/2026 11:07
b9699313-00d0-440d-982a-9268d912f4d8,maniac.delivery,available,2.98,79.98,high,low,6,namecheap,,,24/08/2026 11:21
e55e394c-6fa3-491e-855d-af38d82ed452,texting.delivery,available,6.75,61.99,high,low,7,namesilo,,,17/09/2026 10:22
6cbff9a6-2ff4-4dd8-9d1e-0d990884e07d,grower.delivery,available,2.98,79.98,high,low,6,namecheap,,,17/09/2026 19:21
f21622b7-4c9e-4067-bb0a-0b28b392763f,seldom.delivery,available,2.98,79.98,medium,low,6,namecheap,,,15/09/2026 22:34
e459bb05-a3ef-4ab7-a8c1-cd60e9fd2d56,acrylate.delivery,available,8.99,77.99,medium,low,8,name.com,,,17/09/2026 04:05
20ad6e2b-2655-4467-8aaa-76f94640726b,bastards.delivery,available,6.75,61.99,medium,low,8,namesilo,,,29/09/2026 11:17
d928d81a-cdf2-4a49-8d78-edcf6b9d2695,gravity.delivery,resell,,,high,medium,7,,,,27/09/2026 13:53
503579ab-10eb-4ebe-a013-438edf0f5132,curled.delivery,available,2.98,79.98,medium,low,6,namecheap,,,13/08/2026 11:19
58176362-9ec5-4c6f-9910-7f5ccad5eef9,tedious.delivery,available,6.75,61.99,medium,low,7,namesilo,,,23/09/2026 00:32
01243e7c-c16e-40c0-8581-c2b0a2072985,from.delivery,premium,242,242,high,low,4,namesilo,,,08/09/2026 08:57
92742a7f-233a-45f2-be70-f7d336839278,dominating.delivery,available,2.98,79.98,medium,low,10,namecheap,,,07/08/2026 19:40
b36da6cc-08eb-4b10-b5af-f5dbe677a431,flights.delivery,premium,118.8,118.8,high,low,7,namesilo,,,18/09/2026 23:36
81b86bff-0b89-4720-8669-4535c6f9bfe9,were.delivery,available,48.2,48.2,high,low,4,cloudflare,,,30/09/2026 22:32
9d67e01b-3d57-4989-8e99-ba46e7493776,guidelines.delivery,available,6.75,61.99,medium,low,10,namesilo,,,29/09/2026 17:19
a9420030-5282-437c-ad9e-ee70d9daaf20,elton.delivery,available,2.27,49.88,high,low,5,spaceship,,,27/09/2026 19:29
fe433f4b-21eb-440b-a2da-2da80402b73e,slept.delivery,available,8.99,,medium,low,5,name.com,,,
aec35c30-b986-4c56-94db-eec33e081f93,disrepair.delivery,available,6.75,61.99,medium,low,9,namesilo,,,24/09/2026 23:02
00f7db92-97ae-466e-8016-db3f83469325,downstairs.delivery,available,2.98,79.98,high,low,10,namecheap,,,14/08/2026 17:55
dfa43769-b671-4f22-af88-cf8504097a92,schroeder.delivery,available,2.27,49.88,high,low,9,spaceship,,,28/09/2026 08:07
dd7a65b1-2162-4f42-9da2-7f53e926504b,rethink.delivery,available,2.98,79.98,high,low,7,namecheap,,,17/09/2026 15:53
b21dc4fb-aa09-47ae-91bc-bef37274817b,crackle.delivery,available,2.98,79.98,high,low,7,namecheap,,,13/08/2026 04:25
adcb7b8a-9222-4c82-8a08-7e44e499b4d1,porous.delivery,available,2.98,79.98,medium,low,6,namecheap,,,21/08/2026 10:25
d46784a0-1466-480e-85bb-84ed2100b1b6,rolling.delivery,premium,128.7,128.7,high,low,7,namecheap,,,19/09/2026 06:51
0b42ed4c-e063-4592-adb5-06f3d12299d0,palmerston.delivery,available,2.27,49.88,medium,low,10,spaceship,,,28/09/2026 16:40
0984dcd2-6fe2-4091-9394-5cdeade81c29,tatiana.delivery,available,2.27,49.88,medium,low,7,spaceship,,,29/09/2026 21:54
40cd77c1-4c09-4010-8417-f8d1db3de400,commonplace.delivery,available,5.03,51.58,high,low,11,dynadot,,,30/09/2026 19:28
f739dfea-0b8e-48fc-abdb-289a453f4238,federate.delivery,available,2.98,79.98,high,low,8,namecheap,,,18/08/2026 00:36
a5ed52a3-8804-4300-b637-4bf64c9142aa,shelf.delivery,available,6.75,61.99,high,low,5,namesilo,,,30/09/2026 02:43
1c14e748-0e8c-4418-8071-64a3a99ef527,treble.delivery,available,2.98,79.98,high,low,6,namecheap,,,14/08/2026 16:41
203f81de-c96d-47ce-bda5-69640275c9a8,bathhouse.delivery,available,6.75,61.99,medium,low,9,namesilo,,,22/09/2026 13:35
86e17bfe-c7c7-4b4c-8452-72e46be621b3,offer.delivery,resell,,,high,low,5,"Spaceship, Inc.",27/04/2026 19:58,27/04/2027 19:58,26/09/2026 07:52
bfa4a44d-5d45-4589-b1dc-0175183e6884,complement.delivery,available,6.75,61.99,high,low,10,namesilo,,,29/09/2026 10:29
69568eff-a5a3-4832-adb8-80751aee545e,advertisement.delivery,available,8.99,,high,low,13,name.com,,,
c3fed041-6348-4154-bc3d-71dd3e0c8f13,glaser.delivery,available,5.03,51.58,medium,low,6,dynadot,,,30/09/2026 01:21
6942496e-3aec-46dc-8a6f-271cccef7f3f,antemortem.delivery,available,2.98,79.98,medium,low,10,namecheap,,,
8c7b5ee3-7d64-4e70-a920-9dffed5532f1,pleasant.delivery,available,6.75,61.99,high,low,8,namesilo,,,27/09/2026 04:06
725bac0f-1834-496c-848a-58a057b88bca,anisotropy.delivery,available,6.75,61.99,medium,low,10,namesilo,,,19/09/2026 09:38
a4cc2a47-b45b-4d66-b4c9-46cdc9401b15,idiomatic.delivery,available,2.98,79.98,medium,low,9,namecheap,,,21/08/2026 18:07
5aa5651a-dc1d-42c4-af6f-0477f22c46a8,mick.delivery,available,2.27,49.88,high,low,4,spaceship,,,28/09/2026 02:25
8ad8e95b-e03d-4b71-baf0-7278fe59c1bd,acrobatic.delivery,available,2.98,79.98,high,low,9,namecheap,,,
ce3ce820-d480-4184-b384-551936278386,reversal.delivery,available,2.27,49.88,high,low,8,spaceship,,,29/09/2026 18:17
f4615ca9-3d32-4e8e-ae93-133b1347b0fe,noiseless.delivery,available,2.98,79.98,medium,low,9,namecheap,,,03/09/2026 18:13
c9044048-4c61-4c6b-86c5-538e99e667ac,inchoate.delivery,available,2.98,79.98,medium,low,8,namecheap,,,22/08/2026 01:16
d573f397-41c7-416c-931e-b5833d33d92f,overjoyed.delivery,available,2.98,79.98,high,low,9,namecheap,,,04/09/2026 20:49
c6699deb-6edc-41f8-a058-c3834921b172,bygone.delivery,available,2.98,79.98,medium,low,6,namecheap,,,11/08/2026 12:06
3f4aaa1a-0067-4ed7-9401-acbce73e4b8c,acropora.delivery,available,6.75,61.99,medium,low,8,namesilo,,,17/09/2026 03:57
c69b858c-4008-4850-853f-3a2eb2ff5a49,desolate.delivery,available,2.98,79.98,medium,low,8,namecheap,,,08/08/2026 21:07
ee540cb5-cb22-4ad3-a187-9e9c93c9f88a,muddy.delivery,available,2.98,79.98,high,low,5,namecheap,,,10/08/2026 17:08
fb4db166-43f1-475a-b6ad-0fac83e1c72c,oscillations.delivery,available,5.15,49.95,low,low,12,porkbun,,,28/09/2026 12:58
9dd8c022-1c53-4999-a1ba-b3d9483fb466,paraguayan.delivery,available,2.98,79.98,medium,low,10,namecheap,,,08/09/2026 00:55
56750c20-87d4-4347-9d3d-e0a732c7cc36,anabaptist.delivery,available,2.98,79.98,medium,low,10,namecheap,,,19/09/2026 00:49
f4bf9dd1-0699-43f9-b444-16e93ac632a8,claimant.delivery,available,6.75,61.99,high,low,8,namesilo,,,24/09/2026 15:11
b3bf4fbc-a2fe-4fe2-8f39-54db1e96ece4,influenza.delivery,available,2.27,49.88,medium,low,9,spaceship,,,30/09/2026 01:39
d2e30d3b-018d-4699-a400-059317b327f1,spiky.delivery,available,2.98,79.98,medium,low,5,namecheap,,,08/09/2026 11:12
91bff501-9573-4381-94ff-561cf82caa7a,jervis.delivery,available,6.5,,medium,low,6,unstoppable,,,29/09/2026 15:49
16f6a08b-d34e-4f2a-864f-b61083f628f0,addiction.delivery,available,2.98,79.98,high,low,9,namecheap,,,17/09/2026 06:53
dafcaacd-71f1-4d3f-8636-b1187e99c3a1,globular.delivery,available,2.98,79.98,high,low,8,namecheap,,,08/08/2026 10:06
b2da4560-1923-4005-9383-d2f5b8c8cc6e,ferric.delivery,available,2.98,79.98,medium,low,6,namecheap,,,18/08/2026 02:07
972afaf0-3d9b-4ba1-b957-f819aec4aeda,housekeeping.delivery,available,2.27,49.88,high,low,12,spaceship,,,29/09/2026 10:23
6ba8a1c0-781a-4cd3-8455-89e7564f46ac,iss.delivery,available,5.03,51.58,high,low,3,dynadot,,,27/09/2026 23:32
017db482-443c-4748-8b0a-d61bc8901602,vagus.delivery,available,2.98,79.98,medium,low,5,namecheap,,,08/09/2026 22:09
80329b74-41f7-4644-8a0f-3d7f49c558df,babassu.delivery,available,2.98,79.98,medium,low,7,namecheap,,,21/09/2026 12:15
041bc50e-32f7-4870-8c25-005a8c6e1169,articular.delivery,available,2.98,79.98,medium,low,9,namecheap,,,06/08/2026 23:26
e31108b8-a52f-491f-a1ab-42ec0b6c6d00,akaba.delivery,available,6.75,61.99,medium,low,5,namesilo,,,17/09/2026 23:49
18eea83c-b576-4af0-9bae-77a7e05620f9,alidade.delivery,available,6.75,61.99,medium,low,7,namesilo,,,18/09/2026 07:31
a5679c0a-047f-4acf-b8a9-8abee737cfd8,iraqi.delivery,available,2.98,79.98,high,low,5,namecheap,,,22/08/2026 09:35
9a33816e-1c23-4167-bba1-8307e6df2564,invaded.delivery,available,2.27,49.88,low,low,7,spaceship,,,28/09/2026 23:00
67c98d4f-6d70-4bb1-bbcb-a7433b787b38,avignon.delivery,available,6.75,61.99,medium,low,7,namesilo,,,21/09/2026 09:35
afb3507e-7150-41f8-a0ff-0b02cc73927b,hex.delivery,available,2.98,79.98,high,medium,3,namecheap,,,21/08/2026 07:35
3b3e413b-ede1-4422-9efd-958086e3901c,tourists.delivery,available,2.98,79.98,medium,low,8,namecheap,,,18/09/2026 07:30
e949956d-89d9-4cb7-9a39-8618f82a3685,level.delivery,available,2.98,79.98,high,medium,5,namecheap,,,24/09/2026 15:32
4b70d59b-7439-4754-b136-2eb91e5f691a,dardan.delivery,available,2.98,79.98,medium,low,6,namecheap,,,11/09/2026 20:19
0e82efed-7caf-48d2-9ed4-7fe7d6ea7d0a,frontward.delivery,available,2.98,79.98,medium,low,9,namecheap,,,18/08/2026 12:50
c204db9d-7c51-48b8-9d41-d6e7cff2086f,cognitive.delivery,available,2.98,79.98,high,low,9,namecheap,,,12/08/2026 15:58
a6c812c3-36f0-4033-b2a9-4d2a327a504c,destruction.delivery,available,6.75,61.99,medium,low,11,namesilo,,,27/09/2026 02:03
37d199f7-a864-4ca6-9f4f-32f0f53c24f0,minister.delivery,available,2.98,79.98,high,low,8,namecheap,,,24/09/2026 20:20
8e4ed0aa-d6bd-4896-9038-923a91859c54,assignee.delivery,available,6.75,61.99,high,low,8,namesilo,,,20/09/2026 16:23
ad262230-3e14-4620-9ac2-dcf72c10b124,lynch.delivery,available,48.2,48.2,medium,low,5,cloudflare,,,28/09/2026 15:35
cbc68759-565e-4121-9a8f-e0c7668d2fc0,blae.delivery,available,2.98,79.98,medium,low,4,namecheap,,,10/08/2026 12:24
c3645395-e25c-4ab0-bda9-64110437730a,tompkins.delivery,available,6.5,,medium,low,8,unstoppable,,,28/09/2026 08:31
e582ad4f-f9c7-4722-ad5f-a81324e183f5,meek.delivery,available,2.98,79.98,high,low,4,namecheap,,,24/08/2026 19:16
4f2c4133-dbe9-4b6b-92f7-5e263974b7ad,anguish.delivery,available,6.75,61.99,medium,low,7,namesilo,,,19/09/2026 07:36
80061f15-70a0-4fe3-a3bc-64eea0b62db9,outflank.delivery,available,2.98,79.98,medium,low,8,namecheap,,,09/08/2026 17:48
ecbe5cc7-3d34-453e-81c8-88e414941758,reporting.delivery,available,6.75,61.99,high,low,9,namesilo,,,30/09/2026 09:52
a8cad18d-7857-4628-81d1-8ba6e03e82b7,narration.delivery,available,2.98,79.98,high,low,9,namecheap,,,03/09/2026 13:18
719e580a-dd0a-40c7-b23c-3082dd8a72ba,revokable.delivery,available,2.98,79.98,medium,low,9,namecheap,,,09/09/2026 16:23
d563b995-1812-47b3-be7e-cd4cbfcfbeb9,hereby.delivery,available,2.98,79.98,medium,low,6,namecheap,,,15/09/2026 00:25
2697c0e1-5e9f-4de5-ba65-39e439d6e24a,term.delivery,available,5.15,49.95,high,low,4,porkbun,,,29/09/2026 20:09
7844e0b4-8c44-4e3e-805c-367abc5103e5,renal.delivery,available,2.98,79.98,medium,low,5,namecheap,,,09/09/2026 13:51
4f51854c-5103-44b4-a9f4-d3c4b11ac083,intrusion.delivery,available,6.75,61.99,medium,low,9,namesilo,,,29/09/2026 00:48
da5e489b-c284-4f85-9152-2871ec5fe07c,pth.delivery,available,48.2,48.2,high,low,3,cloudflare,,,01/10/2026 06:57
e7b84fc9-8a25-4c5e-90bf-8b387747d24a,ming.delivery,available,5.03,51.58,high,low,4,dynadot,,,28/09/2026 02:26
38d7156d-a81c-4f3c-bfe4-5963975d53ec,kcal.delivery,available,2.27,49.88,high,low,4,spaceship,,,30/09/2026 12:30
f1f6bbf4-b21e-4be6-963f-ccbb0d2269eb,brittle.delivery,available,2.98,79.98,medium,low,7,namecheap,,,11/08/2026 03:47
a5317a93-0195-4ec2-b4c1-a8ae2f8728e0,peirce.delivery,available,6.75,61.99,medium,low,6,namesilo,,,23/09/2026 08:23
337e999d-df1c-4147-8c7c-67d7810bd554,voters.delivery,available,48.2,48.2,medium,low,6,cloudflare,,,29/09/2026 10:41
d14c251a-e895-4e04-a3d0-c76601adff2d,bimodal.delivery,available,2.98,79.98,high,low,7,namecheap,,,09/08/2026 23:23
2c43b743-4af4-4db7-85e4-a4394914ce96,deteriorating.delivery,available,2.27,49.88,medium,low,13,spaceship,,,29/09/2026 20:55
1d15d3e4-0648-4ce8-9598-d431d68ef4f0,unkindly.delivery,available,2.98,79.98,medium,low,8,namecheap,,,12/09/2026 14:15
78de9a06-c7e4-4277-97cb-4578ca9d2eb5,bawling.delivery,available,2.98,79.98,medium,low,7,namecheap,,,13/09/2026 07:42
2f29840d-758f-4517-a237-39ba8b6a082d,bouffant.delivery,available,2.98,79.98,high,low,8,namecheap,,,10/08/2026 21:32
89548e2e-b920-4e29-8163-ff18c31b1209,stockpile.delivery,available,2.98,79.98,high,low,9,namecheap,,,10/09/2026 20:52
d47a3ca0-e013-4b3d-a8d7-e8655d53cdc5,glazed.delivery,available,2.98,79.98,high,low,6,namecheap,,,20/08/2026 14:05
2e7aacbf-0953-4d25-9d5b-326221e9c3d5,darryl.delivery,available,6.75,61.99,medium,low,6,namesilo,,,28/09/2026 21:59
9008a37a-274e-4e16-b1ed-042682be1eff,spectacle.delivery,available,6.5,,high,low,9,unstoppable,,,28/09/2026 20:32
0e319c65-503d-4a9b-8052-70ddcb0ef324,exhaustive.delivery,available,2.98,79.98,medium,low,10,namecheap,,,17/08/2026 17:08
1cd56194-3c17-4b83-b9df-d1a3c8f409ae,jacobson.delivery,available,2.27,49.88,high,low,8,spaceship,,,28/09/2026 04:07
3f44c765-709d-45b9-a5b3-b35ed94d6ecd,curative.delivery,available,6.75,61.99,high,low,8,namesilo,,,22/09/2026 02:19
5b2fde13-3e27-4be2-b6fe-f18cb19ab3e5,xxix.delivery,available,2.98,79.98,medium,low,4,namecheap,,,
1a9571d2-5d31-4f3a-8913-6959d3eb81a7,rove.delivery,available,2.98,79.98,high,low,4,namecheap,,,10/09/2026 22:12
92d82a36-db41-4a41-9379-90964da9b136,bartender.delivery,available,6.75,61.99,high,low,9,namesilo,,,22/09/2026 06:18
b72f4dee-d341-4c41-8ea9-d27fcca3ea1f,comma.delivery,available,6.75,61.99,high,low,5,namesilo,,,24/09/2026 16:27
4bc3b7fe-0cfd-4457-ae35-75b502fd26fc,squeamish.delivery,available,2.98,79.98,medium,low,9,namecheap,,,04/09/2026 21:24
046b1d35-4d10-4591-baea-31182ad7f3a4,entertain.delivery,available,2.27,49.88,high,low,9,spaceship,,,01/10/2026 16:56
1325e492-8f08-4756-8eb1-09b46979ef78,renegade.delivery,available,2.98,79.98,high,low,8,namecheap,,,06/08/2026 03:45
dfb8c57a-25dd-4906-b053-dc032f4a5e0d,ripened.delivery,available,2.98,79.98,medium,low,7,namecheap,,,09/09/2026 17:55
0630fd40-c516-4fae-a2c4-5133c2e24784,roiling.delivery,available,2.98,79.98,medium,low,7,namecheap,,,09/09/2026 18:16
3fad2b4f-73c3-4cd1-9738-4de3bd203a8e,cannibal.delivery,available,6.75,61.99,medium,low,8,namesilo,,,19/09/2026 13:56
e585c9c3-9510-44d6-9a1a-08df3e99f468,reflect.delivery,available,6.75,61.99,high,low,7,namesilo,,,28/09/2026 10:29
835a48e3-d0ff-413e-8af4-e717d467a698,cheapjack.delivery,available,2.98,79.98,medium,low,9,namecheap,,,12/08/2026 03:25
663e25a0-4203-4379-a279-587750b8fc76,fishtail.delivery,available,8.99,,medium,low,9,name.com,,,
77259a5f-8dfc-4ab3-8d55-ecf914d9c16d,wino.delivery,available,2.98,79.98,medium,low,4,namecheap,,,14/08/2026 20:26
9f398600-8f23-4f80-a340-98bea14efb96,malcontent.delivery,available,2.98,79.98,medium,low,10,namecheap,,,14/08/2026 09:23
29c9f799-1f80-43e0-bc8a-7163256953fc,sidesaddle.delivery,available,2.98,79.98,medium,low,10,namecheap,,,16/09/2026 01:43
fa5ded61-dc6a-4c78-a4e6-d429ae5b6bc6,knowing.delivery,available,6.75,61.99,high,low,7,namesilo,,,25/09/2026 10:04
dae33a37-d8bf-404c-b40b-1a1f9d4ec11c,mammal.delivery,available,2.98,79.98,high,low,6,namecheap,,,24/08/2026 14:21
eeae3882-0b95-4060-aa04-523d78e0b8b3,thief.delivery,available,48.2,48.2,high,low,5,cloudflare,,,30/09/2026 11:55
62d8a820-21a6-4714-9493-04359a781ef2,antefix.delivery,available,6.75,61.99,medium,low,7,namesilo,,,19/09/2026 12:49
e53473b0-3c2a-4344-a390-ba8c939952fa,hamid.delivery,available,6.75,61.99,medium,low,5,namesilo,,,28/09/2026 16:11
ebe3b721-9725-41ff-a571-62aa97e7b97a,ina.delivery,available,5.15,49.95,high,low,3,porkbun,,,28/09/2026 04:04
da89decd-50ab-4c7c-9a71-23aa3bf7610b,uncool.delivery,available,2.98,79.98,medium,low,6,namecheap,,,12/09/2026 06:11
36cd25aa-e56b-439f-aa67-cd3e70de1162,octad.delivery,available,2.98,79.98,medium,low,5,namecheap,,,
2ec5e468-7ac9-4312-aa03-2c055d053211,cambridge.delivery,available,6.75,61.99,high,low,9,namesilo,,,24/09/2026 11:51
8864ed0e-5bd9-4707-83ec-dfe231613e2b,lidar.delivery,available,2.98,79.98,high,low,5,namecheap,,,01/10/2026 20:19
8b620ca3-0158-4294-839c-b55fd8b25984,anders.delivery,available,5.03,51.58,high,low,6,dynadot,,,30/09/2026 04:15
909a3ff1-9720-4437-a73d-786a994957b6,vaccination.delivery,available,8.99,,high,low,11,name.com,,,
4fa3ff37-f941-480f-b5a9-976c22d47c5c,importance.delivery,available,48.2,48.2,high,low,10,cloudflare,,,29/09/2026 21:24
65648ee3-7fe9-41c7-9ef7-19c4148a9ace,longlasting.delivery,available,8.99,,high,low,12,name.com,,,
80c8ebfb-2a65-4b8f-a620-cbab4a2abc22,cased.delivery,available,2.98,79.98,medium,low,5,namecheap,,,11/08/2026 20:04
4dfc465b-5556-4b4a-994d-2b2be541c7e5,frowning.delivery,available,2.98,79.98,medium,low,8,namecheap,,,18/08/2026 16:40
bdad89ae-d5a3-4c2d-b7d0-bd8a8100fb13,unavailable.delivery,available,5.03,51.58,medium,low,11,dynadot,,,29/09/2026 03:22
12794b08-6543-4c7b-afd0-fd8a3f440fd6,valuator.delivery,available,6.75,61.99,medium,low,8,namesilo,,,19/09/2026 22:13
b81c3420-093f-40f8-9f2e-65e3cf676a26,joel.delivery,available,6.75,61.99,high,low,4,namesilo,,,24/09/2026 06:55
fcf897e6-147d-46fb-b97e-9164727c845a,shores.delivery,available,48.2,48.2,medium,low,6,cloudflare,,,29/09/2026 11:01
baa0dc28-c97d-40af-b21c-6c9ab95798e2,descendants.delivery,available,2.98,79.98,high,low,11,namecheap,,,30/09/2026 22:55
2bd4b14a-8951-47f6-9258-2522ded321c8,objector.delivery,available,2.98,79.98,medium,low,8,namecheap,,,14/08/2026 12:43
17fc7606-6d42-4a53-9440-9e3bf3b688eb,sonora.delivery,available,6.75,61.99,high,low,6,namesilo,,,27/09/2026 04:12
e84212a8-8aca-409d-9ad1-5d637c91b4da,backhoe.delivery,available,6.75,61.99,medium,low,7,namesilo,,,21/09/2026 15:37
da05fd56-7d26-4c7a-ae1d-741706d34352,overshot.delivery,available,2.98,79.98,medium,low,8,namecheap,,,04/09/2026 21:51
e232984d-048b-4295-b77f-da94ab34658e,imuran.delivery,available,6.75,61.99,medium,low,6,namesilo,,,21/09/2026 11:01
e8be1f45-402c-452e-8549-ca9e9bc2853b,shrine.delivery,available,48.2,48.2,high,low,6,cloudflare,,,28/09/2026 10:54
9063396f-0e0f-4929-ab0a-d7b8edecc909,consortium.delivery,available,6.75,61.99,high,low,10,namesilo,,,24/09/2026 17:29
79299fdd-cc36-4b6c-a15c-18c5217d1f2d,ingrown.delivery,available,2.98,79.98,medium,low,7,namecheap,,,22/08/2026 04:56
d2bcfdfd-330d-4db7-b0b3-3f047a81de0a,preceding.delivery,available,8.99,,medium,low,9,name.com,,,
46f89518-93a7-4a6c-9587-69754556eb74,chest.delivery,available,6.75,61.99,high,low,5,namesilo,,,24/09/2026 10:14
047896bc-f1f8-42e8-be81-f6ab32067f57,passerine.delivery,available,2.98,79.98,medium,low,9,namecheap,,,08/09/2026 02:29
6e7f4aff-ae4b-473f-8a7a-9ce311213d4a,consolation.delivery,available,6.75,61.99,medium,low,11,namesilo,,,28/09/2026 22:58
e403435b-1d09-475e-812b-24915387187f,nontoxic.delivery,available,2.98,79.98,medium,low,8,namecheap,,,18/09/2026 21:11
abbb5765-7f4c-48fb-b1b4-85fd8a346b40,carrying.delivery,available,48.2,48.2,high,low,8,cloudflare,,,01/10/2026 19:14
6278bd6b-dccf-460f-b33a-ccad38f4e944,gloucester.delivery,available,6.75,61.99,high,low,10,namesilo,,,30/09/2026 09:55
c35f4456-f769-49ea-889d-4d484f84c88d,wares.delivery,available,48.2,48.2,medium,low,5,cloudflare,,,30/09/2026 20:59
c7294339-0374-4823-94f0-c199458087b0,roach.delivery,available,2.98,79.98,medium,low,5,namecheap,,,29/09/2026 06:23
e63298d6-4dab-4975-894a-1f2dbbae7ba6,swain.delivery,available,6.75,61.99,medium,low,5,namesilo,,,22/09/2026 21:56
a5be29fe-2c48-4c9d-b850-232d8b9e1f90,stitches.delivery,available,8.99,,medium,low,8,name.com,,,
5e455df8-966e-4344-adc7-038bf8a08108,vice.delivery,available,6.75,61.99,high,low,4,namesilo,,,30/09/2026 14:26
675b3066-b60d-4df7-b9c4-9d162a3e1440,britten.delivery,available,6.75,61.99,medium,low,7,namesilo,,,23/09/2026 08:15
3e20a8f3-85b4-4a94-86c4-bd11c6531291,blowing.delivery,available,6.75,61.99,medium,low,7,namesilo,,,25/09/2026 00:21
228c588a-72a5-4944-910a-7c98c79211d2,sandra.delivery,available,48.2,48.2,high,low,6,cloudflare,,,27/09/2026 22:38
0ee4aeb8-689b-42c0-a47c-acea636bfaa2,unlogical.delivery,available,2.98,79.98,low,low,9,namecheap,,,21/08/2026 20:07
49461d90-65ef-4a7e-97ae-1a2a1995cff4,flushing.delivery,available,2.27,49.88,medium,low,8,spaceship,,,29/09/2026 10:01
49d9a0f5-53e2-4a92-8787-6ce9b5bade61,fractured.delivery,available,48.2,48.2,medium,low,9,cloudflare,,,28/09/2026 11:38
dc0f4318-3863-411a-9972-2831026b91c8,potentially.delivery,available,6.75,61.99,medium,low,11,namesilo,,,28/09/2026 07:08
4b3b895a-8aa8-486c-ab99-41c8306efbe8,qatari.delivery,available,2.98,79.98,high,low,6,namecheap,,,22/08/2026 15:09
75d9e58a-6ac5-4543-b858-1699666569da,arthropoda.delivery,available,2.98,79.98,high,low,10,namecheap,,,20/09/2026 10:41
97d81246-c9ae-4b03-bac0-48b85dce5f46,meeting.delivery,available,48.2,48.2,high,low,7,cloudflare,,,28/09/2026 07:59
21cf48c7-a992-4a3a-8449-79a11317ffe8,prepared.delivery,available,2.98,79.98,high,low,8,namecheap,,,24/09/2026 11:20
32a9b1c3-d358-4369-9b7a-fdeb4682a492,appears.delivery,available,2.98,79.98,medium,low,7,namecheap,,,25/09/2026 20:18
7ba95fed-ec17-42db-9347-0a1bc71c9ff1,aerial.delivery,resell,,,high,low,6,Dynadot Inc,22/01/2026 17:00,22/01/2027 17:00,26/09/2026 01:24
8472cda6-83b0-46d0-a1cd-4805a46264a3,worlds.delivery,available,6.75,61.99,high,low,6,namesilo,,,18/09/2026 17:40
6b6cd6ec-9bb0-4618-a5d5-f21e44950ae3,salah.delivery,available,2.27,49.88,high,low,5,spaceship,,,30/09/2026 18:35
6d47ee44-5dfe-440e-8b13-eb42be6353c4,bowen.delivery,available,6.75,61.99,medium,low,5,namesilo,,,25/09/2026 12:42
c834877f-0d05-425b-8242-1a7da278e82c,disgraceful.delivery,available,6.5,,medium,low,11,unstoppable,,,30/09/2026 23:03
f9c8eab0-20f7-4701-a3b0-f552915caa63,elliptical.delivery,available,2.98,79.98,high,low,10,namecheap,,,15/08/2026 18:01
a7a01bae-1aa5-4971-94a5-d2a8429d15a0,keaton.delivery,available,5.03,51.58,medium,low,6,dynadot,,,30/09/2026 00:55
2408a7a1-8962-458c-be2d-9fc0f606c957,ringtail.delivery,available,2.98,79.98,medium,low,8,namecheap,,,22/09/2026 12:08
2708a694-6b70-435c-ac3a-0ebcd3f14c62,definite.delivery,available,2.98,79.98,high,low,8,namecheap,,,24/09/2026 05:06
d7f194b7-70c4-49f9-8928-0ddb9f31e6e0,listeners.delivery,available,6.5,,medium,low,9,unstoppable,,,29/09/2026 17:43
2ba962b9-58a3-4737-b726-f6299e1f0188,playhouse.delivery,available,6.75,61.99,high,low,9,namesilo,,,29/09/2026 02:35
f3de05e2-3567-42f0-8917-7a03cff22472,camden.delivery,available,5.03,51.58,high,low,6,dynadot,,,30/09/2026 16:35
45ee3ed0-37c8-4987-882b-65b609c6da2b,janie.delivery,available,6.75,61.99,high,low,5,namesilo,,,01/10/2026 08:49
f236ee2a-918f-4e3a-9219-235618d31884,yourselves.delivery,available,8.99,,medium,low,10,name.com,,,
80b7401d-064e-41fa-9372-5ee29a4c1f9a,backer.delivery,available,6.75,61.99,high,low,6,namesilo,,,21/09/2026 15:26
321981da-612c-4274-9396-190c61fdf22b,began.delivery,available,8.99,,medium,low,5,name.com,,,
e6c339f1-5d82-433b-b1b4-81af595734b4,dillard.delivery,available,6.75,61.99,medium,low,7,namesilo,,,30/09/2026 05:29
6f2a47ca-a221-4255-b60a-77c0804e3f26,alexanders.delivery,available,8.99,77.99,medium,low,10,name.com,,,18/09/2026 05:47
cee90927-f670-4f32-9d53-149eb35b1e67,closure.delivery,available,6.75,61.99,high,low,7,namesilo,,,24/09/2026 15:56
c2bd830d-83f9-4e5f-a1f5-4c263afd2f58,metres.delivery,available,2.27,49.88,medium,low,6,spaceship,,,29/09/2026 23:41
c135c120-bbe0-437e-86a4-e00118b022e0,trifid.delivery,available,2.98,79.98,medium,low,6,namecheap,,,11/09/2026 19:33
23b1e93f-9239-4c6b-b44a-e64233a6b4a8,bipartisan.delivery,available,2.98,79.98,high,low,10,namecheap,,,10/08/2026 04:32
0b6e900d-6dac-4f11-ab1d-a8c87c87f550,trailers.delivery,available,2.98,79.98,medium,low,8,namecheap,,,19/09/2026 01:06
8705151c-9168-4150-ac3c-ae02ba75621b,elegantly.delivery,available,2.98,79.98,medium,low,9,namecheap,,,14/09/2026 15:17
05c41d7e-021d-4c04-b3e9-43922aa71d7b,bagman.delivery,available,2.98,79.98,high,low,6,namecheap,,,21/09/2026 18:10
a0e93221-7dfd-48e7-a533-5ce9fb6c181d,albums.delivery,available,5.03,51.58,medium,low,6,dynadot,,,29/09/2026 05:39
b0b46511-1750-43e9-a610-cafb4882527e,insensitive.delivery,available,48.2,48.2,medium,low,11,cloudflare,,,29/09/2026 03:19
8ec54593-0b53-4689-9173-2404d7226dd9,finnish.delivery,available,2.98,79.98,high,low,7,namecheap,,,18/08/2026 05:03
634aebd1-5cc5-4ce7-b92d-21d1a9821051,acm.delivery,available,2.27,49.88,high,low,3,spaceship,,,28/09/2026 03:40
ec1dacb3-eb64-4ba7-8fca-76a1f3d7b676,provoked.delivery,available,2.98,79.98,medium,low,8,namecheap,,,09/09/2026 04:38
d54dc74a-1551-4b6b-8890-51b39874953e,lawrence.delivery,available,2.98,79.98,high,low,8,namecheap,,,25/09/2026 04:32
7616227b-114a-4195-9041-1983fe5aa027,ware.delivery,available,2.27,49.88,high,low,4,spaceship,,,29/09/2026 19:40
52e37084-9684-419c-96e4-413db715f372,turki.delivery,available,2.98,79.98,medium,low,5,namecheap,,,11/09/2026 21:16
a64b1675-765a-4085-9aad-c872b52db11f,trainers.delivery,available,6.75,61.99,high,low,8,namesilo,,,02/10/2026 02:12
f0d5ede5-2cb1-4e7f-85bc-146c8b88108c,subatomic.delivery,available,2.98,79.98,medium,low,9,namecheap,,,10/09/2026 23:38
5de147e3-0523-43ad-a8e4-9babe40695ef,yucatan.delivery,available,6.75,61.99,medium,low,7,namesilo,,,30/09/2026 03:11
07c71273-47f2-4065-be3e-000baa66ff71,khomeini.delivery,available,6.75,61.99,medium,low,8,namesilo,,,21/09/2026 10:36
ee2a36d5-7546-483e-ac57-b29705fc65ba,drudgery.delivery,available,2.98,79.98,medium,low,8,namecheap,,,08/09/2026 21:19
51d9492a-3db0-47c0-8b2b-0b2488bca502,molecules.delivery,available,8.99,,medium,low,9,name.com,,,
c5d9701b-8427-4ab0-b30e-b21e149bba44,isomers.delivery,available,6.5,,medium,low,7,unstoppable,,,29/09/2026 11:02
f0319cdf-cdbf-42e4-a787-d28163bdb33b,anaglyph.delivery,available,6.75,61.99,medium,low,8,namesilo,,,19/09/2026 01:21
5d94e99a-b283-4b07-a4d1-e73ba4aff1c1,stephenson.delivery,available,6.75,61.99,high,low,10,namesilo,,,25/09/2026 06:30
df243abb-ab04-4c18-8020-f0e5fcbeb14f,beeper.delivery,available,2.98,79.98,high,low,6,namecheap,,,23/09/2026 01:31
5a443a3d-f15c-4a19-8426-ee3bd098eb7e,worshipped.delivery,available,6.5,,medium,low,10,unstoppable,,,29/09/2026 16:18
04d3560d-d2cc-4f81-b0c5-240db2d607e6,sane.delivery,available,2.98,79.98,high,low,4,namecheap,,,19/09/2026 15:46
f57a738e-f33f-4922-a778-03841ce3fd87,showdown.delivery,available,2.98,79.98,high,low,8,namecheap,,,30/09/2026 09:36
c2c28cff-1094-45cb-a496-974732c533c5,fingerless.delivery,available,2.98,79.98,medium,low,10,namecheap,,,18/08/2026 04:55
2946d074-37e8-423e-9222-5de07f5d62c8,poisoned.delivery,available,6.75,61.99,medium,low,8,namesilo,,,27/09/2026 17:38
76029329-0fac-4191-8664-fd82f2f5a5c0,conquered.delivery,available,6.75,61.99,medium,low,9,namesilo,,,28/09/2026 23:05
342decfd-c1af-41cf-882a-9bfa0e793177,citizens.delivery,available,6.75,61.99,high,low,8,namesilo,,,18/09/2026 15:13
e9f55b02-48fc-4afd-844d-925a1d8c5f48,documentary.delivery,available,48.2,48.2,high,low,11,cloudflare,,,28/09/2026 04:30
82729b75-70a1-4b29-a5ce-7c96163a9c6e,span.delivery,available,2.27,49.88,high,low,4,spaceship,,,29/09/2026 00:16
fda3b7f8-ee49-4c8c-b792-1b7359c52a57,plosive.delivery,available,2.98,79.98,medium,low,7,namecheap,,,04/09/2026 00:16
e16cfcb2-5688-4f86-bba9-f8ddfe7573e9,sofa.delivery,available,2.98,79.98,high,low,4,namecheap,,,24/09/2026 18:34
15dbc22e-e22f-43d8-ad44-06633ec541a6,tools.delivery,premium,242,242,high,medium,5,namesilo,,,17/09/2026 15:46
687ee4aa-7806-439a-a346-42d50fe37fef,chadwick.delivery,available,5.15,49.95,medium,low,8,porkbun,,,28/09/2026 08:16
97484c96-c9f9-404b-82a0-fd6a0f040781,nasser.delivery,available,3.99,109.99,high,low,6,godaddy,,,28/09/2026 01:58
9c39bb02-5fd0-49bb-9565-0ef10d505542,exceeded.delivery,available,6.75,61.99,medium,low,8,namesilo,,,30/09/2026 00:20
688474d1-c000-468f-81aa-a8631ee3568d,hubei.delivery,available,6.5,,medium,low,5,unstoppable,,,30/09/2026 13:23
1210a6d3-a666-4b2b-93bf-a1da6b432ec9,overjoy.delivery,available,2.27,49.88,high,low,7,spaceship,,,30/09/2026 21:15
e84839ca-93de-45d1-a5c3-d579303ed73e,moran.delivery,available,6.75,61.99,high,low,5,namesilo,,,25/09/2026 14:09
8695a94f-dbc4-4bf7-8503-51ade232bf3c,bromide.delivery,available,2.98,79.98,medium,low,7,namecheap,,,12/08/2026 19:15
86c4218e-1cbc-4fc2-b5a0-06e12fc0fad4,crucify.delivery,available,2.98,79.98,medium,low,7,namecheap,,,14/08/2026 21:17
c4023bf4-d927-45b0-b488-a282df3a50fb,aristocrats.delivery,available,2.27,49.88,medium,low,11,spaceship,,,30/09/2026 15:48
1ae9c9f0-bb4c-4d6a-975b-7bc630f92908,canny.delivery,available,2.98,79.98,medium,low,5,namecheap,,,11/08/2026 13:23
6cd3d1de-50ce-4672-b5fc-8b584fbfe5f2,nie.delivery,available,5.15,49.95,medium,low,3,porkbun,,,30/09/2026 03:54
35243347-ec6b-447a-9e29-a9818194a224,monochrome.delivery,available,2.98,79.98,high,low,10,namecheap,,,25/08/2026 04:59
65a84e12-1105-4800-ad18-4b7d1805fc8c,twelfth.delivery,available,2.98,79.98,high,low,7,namecheap,,,
9f402528-de06-4044-915d-458b4fb4dcf5,amazonas.delivery,available,6.5,,medium,low,8,unstoppable,,,01/10/2026 23:42
970a9091-1236-43c6-9889-bc999dae86e5,kinsey.delivery,available,6.75,61.99,high,low,6,namesilo,,,18/09/2026 06:26
cbfc4078-d20d-4986-a516-f7757d4d4fcb,vermillion.delivery,available,2.98,79.98,medium,low,10,namecheap,,,12/08/2026 05:47
bf2349d6-3858-4d5b-8c3f-f29e695ef63f,cet.delivery,available,2.27,49.88,medium,low,3,spaceship,,,30/09/2026 13:12
54182958-203a-495c-9ada-d9d8dfbe266d,arnold.delivery,available,6.75,61.99,high,low,6,namesilo,,,20/09/2026 08:16
6ccda2f9-6818-400b-821b-d376bd78b636,beatable.delivery,available,2.98,79.98,medium,low,8,namecheap,,,09/08/2026 05:37
605bb082-da8e-4e62-a346-5a60a9daed52,proclamation.delivery,available,2.27,49.88,high,low,12,spaceship,,,29/09/2026 16:06
84348cd5-ab14-4c16-ad2b-1f98cf413cf7,cauchy.delivery,available,6.5,,high,low,6,unstoppable,,,30/09/2026 13:33
39628497-e6af-4984-b6fa-1e5547ffe72e,trevor.delivery,available,6.75,61.99,high,low,6,namesilo,,,26/09/2026 03:30
d6d7077c-af2f-4dae-b9a6-69ce02c80727,cloth.delivery,available,2.27,49.88,high,low,5,spaceship,,,28/09/2026 02:26
4cf58b90-886f-47ba-b3db-19f72a0ce8d9,jingling.delivery,available,2.98,79.98,high,low,8,namecheap,,,08/09/2026 03:33
737d4a41-3d92-4c8a-a366-df0a1c17fb9e,bank.delivery,premium,118.8,118.8,high,medium,4,namesilo,,,29/09/2026 01:00
f350a59a-1608-4a72-a025-cc8809472112,slowcoach.delivery,available,2.98,79.98,medium,low,9,namecheap,,,10/09/2026 20:27
5da5e392-dfb9-4d34-bf7d-31d701e84edc,absalom.delivery,available,6.5,,medium,low,7,unstoppable,,,01/10/2026 23:58
d865f5f4-49e7-4c29-a17d-8638b3dcb724,disastrous.delivery,available,2.98,79.98,medium,low,10,namecheap,,,11/08/2026 13:30
21e3b3f8-7ae0-4b01-ac20-cbdec9bcdac6,trench.delivery,available,48.2,48.2,medium,low,6,cloudflare,,,28/09/2026 20:01
df7fbae5-7f41-4165-9047-acf45442aa35,banished.delivery,available,2.98,79.98,medium,low,8,namecheap,,,29/09/2026 16:26
9534194e-fe12-4e19-b7c1-ff345e2db1f4,lavas.delivery,available,48.2,48.2,medium,low,5,cloudflare,,,01/10/2026 17:44
c1bd72b4-734e-4098-adb4-661f4e8ae7c4,scented.delivery,available,6.75,61.99,high,low,7,namesilo,,,27/09/2026 03:39
369e46f6-34f4-48fb-afd6-973e81bdb3ca,themselves.delivery,available,6.75,61.99,medium,low,10,namesilo,,,25/09/2026 16:52
67597bc5-1771-4e4b-982f-ded7d00846fb,endurable.delivery,available,2.98,79.98,medium,low,9,namecheap,,,09/08/2026 04:33
44645b03-bb26-4cd5-adbf-21d745b53353,batna.delivery,available,6.75,61.99,medium,low,5,namesilo,,,22/09/2026 14:06
34f77e70-7f89-49c8-add1-ef74647a85eb,results.delivery,available,2.98,79.98,medium,low,7,namecheap,,,
30fa1726-d71b-4fe2-80c8-db02b80ebdfe,moderator.delivery,available,5.03,51.58,high,low,9,dynadot,,,30/09/2026 04:50
af5ff084-c086-4c24-a561-7c360d314944,obstructed.delivery,available,2.98,79.98,medium,low,10,namecheap,,,04/09/2026 00:05
0e779aa6-6fdc-4c6f-be33-e166e85b6bfa,sameness.delivery,available,2.98,79.98,medium,low,8,namecheap,,,21/08/2026 15:12
fe4b6195-2b6d-44ca-8756-4e62a1b486a6,ability.delivery,available,6.75,61.99,high,low,7,namesilo,,,28/09/2026 17:03
eed1accb-a436-465c-a867-50ebcdf3dbe6,abscessed.delivery,available,2.98,79.98,medium,low,9,namecheap,,,
504aa4cf-3e27-439d-8d61-9577ccdce939,presley.delivery,available,5.03,51.58,medium,low,7,dynadot,,,30/09/2026 09:32
a43b836b-d20c-444f-85ef-cdc9e17e119c,rigid.delivery,available,48.2,48.2,high,low,5,cloudflare,,,27/09/2026 15:17
da0d141c-06f3-4b86-a420-4567f3191c7e,lame.delivery,available,2.98,79.98,high,low,4,namecheap,,,13/08/2026 07:03
c8066f9e-3cbb-4143-b4e6-3a34a208922f,mahabharata.delivery,available,2.27,49.88,high,low,11,spaceship,,,30/09/2026 20:17
50c376f2-46ab-4db8-94b4-f53763710a18,beak.delivery,available,6.75,61.99,high,low,4,namesilo,,,22/09/2026 19:41
27a99c71-a45c-4f24-9b0b-8ff0674dfddd,borneo.delivery,available,5.03,51.58,medium,low,6,dynadot,,,01/10/2026 18:45
3baff7cc-d08f-483b-89bc-8e59011d5705,optimum.delivery,available,2.98,79.98,high,low,7,namecheap,,,04/09/2026 16:59
3a1c1e88-7aef-4cb6-8fa5-ff45989ff4bc,personals.delivery,available,2.98,79.98,medium,low,9,namecheap,,,08/09/2026 05:02
ee3dfc93-2216-45b8-bc4f-8d4764081572,sculptural.delivery,available,2.98,79.98,medium,low,10,namecheap,,,25/08/2026 02:53
eded5203-e86b-4a23-bb62-b6265295d295,bionomics.delivery,available,2.98,79.98,medium,low,9,namecheap,,,23/09/2026 18:43
c4604f10-4c7a-453e-ab24-447cf5992ee4,brown.delivery,available,6.75,61.99,high,low,5,namesilo,,,23/09/2026 10:03
ed704fcc-c32e-42d2-b77f-e1f14e180b80,unsafe.delivery,available,8.99,77.99,high,low,6,name.com,,,13/08/2026 17:17
cf2f7e0f-142d-4d9b-a4a6-3cb2dc740920,halley.delivery,available,3.99,109.99,medium,low,6,godaddy,,,30/09/2026 01:28
4cf91132-faf1-44bb-b03f-485b216944eb,welch.delivery,available,2.98,79.98,high,low,5,namecheap,,,13/09/2026 10:47
25a460ba-79b5-46f3-9ed5-3ca00ef39bbc,correctly.delivery,available,2.98,79.98,high,low,9,namecheap,,,13/09/2026 20:47
7844e452-9674-40f0-b615-a067ee9041ee,curr.delivery,available,2.98,79.98,medium,low,4,namecheap,,,01/10/2026 22:24
23f641a5-42b7-4ca2-8b39-8ca08657486d,viscid.delivery,available,2.98,79.98,medium,low,6,namecheap,,,20/08/2026 15:23
aee2232b-6083-4496-bcf2-53641568cfee,alienage.delivery,available,6.75,61.99,medium,low,8,namesilo,,,18/09/2026 07:33
d5790fd9-1096-4a01-a728-f8a955eadab9,demonstrates.delivery,available,6.75,61.99,medium,low,12,namesilo,,,20/09/2026 23:55
eebe00cc-384d-4765-a729-cd529d743125,lemuel.delivery,available,6.75,61.99,medium,low,6,namesilo,,,01/10/2026 09:21
25f1344d-45d7-40c2-810b-a27e3b790372,defined.delivery,available,2.98,79.98,high,low,7,namecheap,,,24/09/2026 05:04
e75f9e81-25ae-42d0-a4d0-dc0b06b62a5e,reverie.delivery,available,6.75,61.99,high,low,7,namesilo,,,17/09/2026 21:59
d91ee969-673f-4800-b341-befd886420ed,undiluted.delivery,available,2.98,79.98,medium,low,9,namecheap,,,12/09/2026 08:03
25e9f6a3-3ca0-4d7c-87cb-2fe948d4900e,indanger.delivery,available,8.99,,medium,low,9,name.com,,,
417c61b5-e5ab-418a-952d-54bc6c224a54,tinned.delivery,available,2.98,79.98,medium,low,6,namecheap,,,11/09/2026 16:17
d0411469-b3ac-4da2-a95a-8b5ea74d0efa,cry.delivery,available,2.27,49.88,high,low,3,spaceship,,,29/09/2026 12:15
c6200600-5e1c-4168-8450-3c23707d44a1,informally.delivery,available,6.75,61.99,medium,low,10,namesilo,,,28/09/2026 14:09
b60d634a-a2d5-4bae-a26e-a91ce0caf92c,darkest.delivery,available,48.2,48.2,medium,low,7,cloudflare,,,30/09/2026 07:35
0bf6c18a-1272-447c-976e-63f75dd705a7,incorporated.delivery,available,6.75,61.99,medium,low,12,namesilo,,,28/09/2026 22:28
6efe1974-7431-4b89-b20e-aca5c12cb9af,barkeep.delivery,available,6.75,61.99,high,low,7,namesilo,,,22/09/2026 06:22
d1098963-1e7f-49f7-825e-b3c967af9098,laughs.delivery,available,6.75,61.99,medium,low,6,namesilo,,,27/09/2026 03:15
21e65bb4-027a-4044-a1ea-4b537b338663,fails.delivery,available,6.75,61.99,medium,low,5,namesilo,,,18/09/2026 00:27
51d19a18-db43-4ba0-b076-d9fa773f46fe,culpable.delivery,available,2.98,79.98,medium,low,8,namecheap,,,10/08/2026 12:34
27d0ee6e-f7ea-4c16-8ee6-29c6f86abcfe,comedo.delivery,available,6.75,61.99,medium,low,6,namesilo,,,24/09/2026 02:47
206ebbaa-cc09-48ac-83a6-5dc7847f4a5a,shockingly.delivery,available,2.98,79.98,medium,low,10,namecheap,,,16/09/2026 01:31
9f9e5754-e489-4b70-ab40-483806fdee38,indic.delivery,available,2.98,79.98,medium,low,5,namecheap,,,22/08/2026 03:16
83b53387-af05-4874-acaa-23515e602102,loaf.delivery,available,2.98,79.98,high,low,4,namecheap,,,11/09/2026 08:31
b1dd82e8-a7ac-4df8-9825-6907ba3ea238,colonists.delivery,available,2.27,49.88,medium,low,9,spaceship,,,01/10/2026 16:49
96dd8c59-ee5e-4b52-b9de-d57d00997df2,lowry.delivery,available,3.99,109.99,medium,low,5,godaddy,,,01/10/2026 01:28
cff399c5-aae2-40fe-9efc-63fec04e1f89,rowing.delivery,available,48.2,48.2,high,low,6,cloudflare,,,29/09/2026 20:14
830c2280-6e0f-40db-be85-5ef9b0365aef,unable.delivery,available,2.98,79.98,high,low,6,namecheap,,,11/09/2026 23:26
7b281e70-d63a-4a6a-aab0-d24394e01343,correcting.delivery,available,48.2,48.2,medium,low,10,cloudflare,,,01/10/2026 15:24
0d0449ff-e286-415d-8687-2e4983e37895,juliana.delivery,available,6.75,61.99,medium,low,7,namesilo,,,29/09/2026 09:40
02c128b8-36f9-4422-b095-29f5de0b3864,sift.delivery,available,2.27,49.88,high,low,4,spaceship,,,30/09/2026 21:25
0e5540f4-8435-4898-9f3f-661ddf95d2ad,insect.delivery,available,5.03,51.58,high,low,6,dynadot,,,29/09/2026 15:08
b76e06a5-afa3-4934-af2d-73c1d9b2e3fe,borden.delivery,available,48.2,48.2,high,low,6,cloudflare,,,28/09/2026 07:29
e0b5d60c-fcf4-4551-9e4e-93b2f0f2ba4b,marine.delivery,available,6.75,61.99,high,low,6,namesilo,,,25/09/2026 16:45
51385599-821c-4d2d-a48c-4da21896e5fa,geometric.delivery,available,2.98,79.98,high,low,9,namecheap,,,18/08/2026 22:32
c1c1049c-6583-47fc-b740-5461cb8084ab,tournament.delivery,available,6.75,61.99,high,low,10,namesilo,,,27/09/2026 05:49
5bc9f3a0-7fa1-4f31-8095-26cf3cea6715,secondary.delivery,available,6.75,61.99,high,low,9,namesilo,,,25/09/2026 12:14
24d76494-ce02-4450-8841-5fd8a4cdcdf5,satisfy.delivery,available,48.2,48.2,high,low,7,cloudflare,,,30/09/2026 20:05
a527625d-58cf-4b36-8667-29c3ebd64842,deceiver.delivery,available,6.75,61.99,medium,low,8,namesilo,,,23/09/2026 02:29
d8248acc-d2e5-49bb-9087-3e3d24522f42,bleach.delivery,available,2.98,79.98,high,low,6,namecheap,,,24/09/2026 03:49
3d3498fb-cae2-441a-a11e-2f51820a39e5,murine.delivery,available,2.98,79.98,medium,low,6,namecheap,,,03/09/2026 11:04
bbdc7f6b-fbf3-4602-944c-9a6e6682d6f4,unbeknown.delivery,available,2.98,79.98,medium,low,9,namecheap,,,12/09/2026 01:47
aa08ee67-5639-4e90-a78c-1e37e1349bcf,mistletoe.delivery,available,2.27,49.88,high,low,9,spaceship,,,02/10/2026 04:49
72e3893b-5df6-4305-85d0-3c0fcbef7f91,skinner.delivery,available,6.75,61.99,high,low,7,namesilo,,,21/09/2026 11:52
10574e44-96cc-44d7-853e-64892228a415,surveys.delivery,available,6.75,61.99,medium,low,7,namesilo,,,17/09/2026 07:59
73f997f0-5d15-4fe1-b685-278a62568a9e,nibbed.delivery,available,2.98,79.98,low,low,6,namecheap,,,03/09/2026 16:57
286fbb24-7177-4fbd-95c3-dc603a2e3136,finally.delivery,available,5.15,49.95,high,low,7,porkbun,,,28/09/2026 12:41
c1102bf6-911f-4d2f-87b7-26d36c4a5a68,autobiography.delivery,available,6.5,,medium,low,13,unstoppable,,,29/09/2026 23:22
398bcddc-0b1a-4af0-827a-9ac9c81e3d63,gleam.delivery,available,2.98,79.98,high,low,5,namecheap,,,20/08/2026 14:18